Kasparov,G	2830	2003.11.18	D27	X3D Match		2003.11.11			53	1/2-1/2	4	New York USA		X3D FRITZ	0		twic472.pgn	D27
Anand,V	2766	2003.11.22	E25	Bundesliga 2003-4		2003.11.01			30	1/2-1/2	3	Baden Baden GER		Khenkin,I	2627		twic472.pgn	E25
Bischoff,K	2564	2003.11.22	B56	Bundesliga 2003-4		2003.11.01			46	1/2-1/2	3	Baden Baden GER		Shirov,A	2737		twic472.pgn	B56
Dautov,R	2610	2003.11.22	D11	Bundesliga 2003-4		2003.11.01			35	1/2-1/2	3	Baden Baden GER		Boensch,U	2545		twic472.pgn	D11
Hertneck,G	2524	2003.11.22	D48	Bundesliga 2003-4		2003.11.01			129	1/2-1/2	3	Baden Baden GER		Huebner,R	2604		twic472.pgn	D47
Krasenkow,M	2597	2003.11.22	B33	Bundesliga 2003-4		2003.11.01			89	1/2-1/2	3	Baden Baden GER		Teske,H	2518		twic472.pgn	B33
Stangl,M	2493	2003.11.22	A31	Bundesliga 2003-4		2003.11.01			37	1/2-1/2	3	Baden Baden GER		Schlosser,P	2560		twic472.pgn	A34
Buhmann,R	2532	2003.11.22	C13	Bundesliga 2003-4		2003.11.01			65	1/2-1/2	3	Baden Baden GER		Bromberger,S	2448		twic472.pgn	C13
Gross,Dav GER	2458	2003.11.22	B22	Bundesliga 2003-4		2003.11.01			122	1-0	3	Baden Baden GER		Keitlinghaus,L	2503		twic472.pgn	B22
Schmittdiel,E	2483	2003.11.22	E65	Bundesliga 2003-4		2003.11.01			96	1/2-1/2	3	Baden Baden GER		Markowski,T	2610		twic472.pgn	A00
Kindermann,S	2542	2003.11.22	A80	Bundesliga 2003-4		2003.11.01			78	0-1	3	Baden Baden GER		Berezovsky,I	2444		twic472.pgn	A80
Steingrimsson,H	2396	2003.11.22	A36	Bundesliga 2003-4		2003.11.01			61	1/2-1/2	3	Baden Baden GER		Espig,L	2429		twic472.pgn	A37
Sandner,G	2311	2003.11.22	B06	Bundesliga 2003-4		2003.11.01			41	0-1	3	Baden Baden GER		Papa,S	2401		twic472.pgn	B06
Reuss,A	2361	2003.11.22	B10	Bundesliga 2003-4		2003.11.01			100	1-0	3	Baden Baden GER		Haskamp,S	2308		twic472.pgn	B10
Kuraszkiewicz,M	2304	2003.11.22	D15	Bundesliga 2003-4		2003.11.01			56	1/2-1/2	3	Baden Baden GER		Lorscheid,G	2297		twic472.pgn	D10
Heinatz,T	2332	2003.11.22	B27	Bundesliga 2003-4		2003.11.01			90	1/2-1/2	3	Baden Baden GER		Dirr,U	2299		twic472.pgn	B27
Pfretzschner,R	2222	2003.11.22	B33	Bundesliga 2003-4		2003.11.01			121	0-1	3	Baden Baden GER		Vuckovic,Alek	2321		twic472.pgn	B33
Khenkin,I	2627	2003.11.23	B14	Bundesliga 2003-4		2003.11.01			81	0-1	4	Baden Baden GER		Schmittdiel,E	2483		twic472.pgn	B10
Berezovsky,I	2444	2003.11.23	A01	Bundesliga 2003-4		2003.11.01			88	1-0	4	Baden Baden GER		Bischoff,K	2564		twic472.pgn	A10
Boensch,U	2545	2003.11.23	D37	Bundesliga 2003-4		2003.11.01			113	0-1	4	Baden Baden GER		Steingrimsson,H	2396		twic472.pgn	D37
Papa,S	2401	2003.11.23	A20	Bundesliga 2003-4		2003.11.01			65	1/2-1/2	4	Baden Baden GER		Hertneck,G	2524		twic472.pgn	A20
Teske,H	2518	2003.11.23	E12	Bundesliga 2003-4		2003.11.01			91	0-1	4	Baden Baden GER		Reuss,A	2361		twic472.pgn	E12
Lorscheid,G	2297	2003.11.23	B08	Bundesliga 2003-4		2003.11.01			111	1/2-1/2	4	Baden Baden GER		Stangl,M	2493		twic472.pgn	B08
Bromberger,S	2448	2003.11.23	B51	Bundesliga 2003-4		2003.11.01			52	1/2-1/2	4	Baden Baden GER		Heinatz,T	2332		twic472.pgn	B51
Vuckovic,Alek	2321	2003.11.23	B31	Bundesliga 2003-4		2003.11.01			79	1/2-1/2	4	Baden Baden GER		Gross,Dav GER	2458		twic472.pgn	B31
Markowski,T	2610	2003.11.23	B42	Bundesliga 2003-4		2003.11.01			84	1-0	4	Baden Baden GER		Anand,V	2766		twic472.pgn	B42
Shirov,A	2737	2003.11.23	C68	Bundesliga 2003-4		2003.11.01			36	1/2-1/2	4	Baden Baden GER		Kindermann,S	2542		twic472.pgn	C69
Espig,L	2429	2003.11.23	D34	Bundesliga 2003-4		2003.11.01			96	1-0	4	Baden Baden GER		Dautov,R	2610		twic472.pgn	D34
Huebner,R	2604	2003.11.23	D21	Bundesliga 2003-4		2003.11.01			79	0-1	4	Baden Baden GER		Sandner,G	2311		twic472.pgn	D22
Haskamp,S	2308	2003.11.23	E94	Bundesliga 2003-4		2003.11.01			56	1-0	4	Baden Baden GER		Krasenkow,M	2597		twic472.pgn	E94
Schlosser,P	2560	2003.11.23	A45	Bundesliga 2003-4		2003.11.01			79	0-1	4	Baden Baden GER		Kuraszkiewicz,M	2304		twic472.pgn	A45
Dirr,U	2299	2003.11.23	A87	Bundesliga 2003-4		2003.11.01			77	1-0	4	Baden Baden GER		Buhmann,R	2532		twic472.pgn	A04
Keitlinghaus,L	2503	2003.11.23	C01	Bundesliga 2003-4		2003.11.01			99	0-1	4	Baden Baden GER		Pfretzschner,R	2222		twic472.pgn	C01
Cifuentes Parada,R	2501	2003.11.17	D45	TCh-ESP Final		2003.11.17			117	0-1	1	Sanxenxo ESP		Krasenkow,M	2597		twic472.pgn	D45
Andersson,U	2566	2003.11.17	B85	TCh-ESP Final		2003.11.17			116	1/2-1/2	1	Sanxenxo ESP		Perez Candelario,Man	2463		twic472.pgn	B46
Lopez Martinez,J	2425	2003.11.17	B87	TCh-ESP Final		2003.11.17			103	1/2-1/2	1	Sanxenxo ESP		Suarez Pousa,D	2383		twic472.pgn	B90
Perez,Rod	2449	2003.11.17	C42	TCh-ESP Final		2003.11.17			90	1-0	1	Sanxenxo ESP		Bologan,V	2673		twic472.pgn	C42
Del Rio Angelis,S	2480	2003.11.17	B14	TCh-ESP Final		2003.11.17			99	0-1	1	Sanxenxo ESP		Gonzalez Lopez,A	2152		twic472.pgn	B14
Cramling,P	2470	2003.11.17	B42	TCh-ESP Final		2003.11.17			62	1/2-1/2	1	Sanxenxo ESP		Andrada Andrada,L	2296		twic472.pgn	B42
Khamrakulov,I	2464	2003.11.17	B28	TCh-ESP Final		2003.11.17			74	1/2-1/2	1	Sanxenxo ESP		Tiviakov,S	2601		twic472.pgn	B28
Pomes Marcet,J	2379	2003.11.17	D10	TCh-ESP Final		2003.11.17			89	1/2-1/2	1	Sanxenxo ESP		Comas Fabrego,L	2502		twic472.pgn	D10
Nijboer,F	2577	2003.11.17	B57	TCh-ESP Final		2003.11.17			61	0-1	1	Sanxenxo ESP		Pablo Marin,A	2413		twic472.pgn	B57
Kogan,Ar	2556	2003.11.17	A26	TCh-ESP Final		2003.11.17			48	0-1	1	Sanxenxo ESP		Garcia Castro,P	2356		twic472.pgn	A00
Alonso Martinez,T	2165	2003.11.17	A43	TCh-ESP Final		2003.11.17			38	1-0	1	Sanxenxo ESP		Gil Capape,J	2444		twic472.pgn	A43
Ramo Frontinan,C	2317	2003.11.17	B15	TCh-ESP Final		2003.11.17			77	0-1	1	Sanxenxo ESP		Pita Romero Rodriguez,R	2099		twic472.pgn	B15
Reinaldo,Alvaro	0	2003.11.17	C02	TCh-ESP Final		2003.11.17			80	1/2-1/2	1	Sanxenxo ESP		Anglada Lobarte,J	2209		twic472.pgn	C02
Carrasco Martinez,J	2370	2003.11.17	C18	TCh-ESP Final		2003.11.17			74	0-1	1	Sanxenxo ESP		Rodriguez Guerrero,E	2485		twic472.pgn	C19
Roa Alonso,S	2352	2003.11.17	B08	TCh-ESP Final		2003.11.17			66	1-0	1	Sanxenxo ESP		De la Riva Aguado,O	2549		twic472.pgn	B08
Oms Pallise,J	2498	2003.11.17	B47	TCh-ESP Final		2003.11.17			51	0-1	1	Sanxenxo ESP		Spitzer Isbert,R	2129		twic472.pgn	B47
Suarez Trigueros,Jose	0	2003.11.17	A53	TCh-ESP Final		2003.11.17			124	1-0	1	Sanxenxo ESP		Simonet,M	2334		twic472.pgn	A53
Garcia Paolicchi,R	0	2003.11.17	B84	TCh-ESP Final		2003.11.17			62	1/2-1/2	1	Sanxenxo ESP		Montolio Benedicto,C	2075		twic472.pgn	B84
Del Barrio Gomez,J	2306	2003.11.17	C01	TCh-ESP Final		2003.11.17			36	1-0	1	Sanxenxo ESP		Galego,L	2488		twic472.pgn	C01
Herraiz Hidalgo,H	2499	2003.11.17	C12	TCh-ESP Final		2003.11.17			67	0-1	1	Sanxenxo ESP		Casares Cabanas,C	2173		twic472.pgn	C12
Torrado Quintela,J	2107	2003.11.17	B12	TCh-ESP Final		2003.11.17			48	1-0	1	Sanxenxo ESP		Damaso,R	2460		twic472.pgn	B06
Visier Segovia,F	2265	2003.11.17	E11	TCh-ESP Final		2003.11.17			59	0-1	1	Sanxenxo ESP		Gomez Lopez,Rob	2094		twic472.pgn	E11
Patino Romaris,J	2284	2003.11.17	C18	TCh-ESP Final		2003.11.17			68	1-0	1	Sanxenxo ESP		Lacasa Diaz,J	2413		twic472.pgn	C19
Baches Garcia,G	2400	2003.11.17	A09	TCh-ESP Final		2003.11.17			119	0-1	1	Sanxenxo ESP		Dan Cruz,A	2120		twic472.pgn	A09
Gaya Yodra,J	2246	2003.11.17	D85	TCh-ESP Final		2003.11.17			108	1-0	1	Sanxenxo ESP		Flear,G	2516		twic472.pgn	D85
Rodriguez,Am	2482	2003.11.17	B22	TCh-ESP Final		2003.11.17			84	1/2-1/2	1	Sanxenxo ESP		Pont Mulet,A	2215		twic472.pgn	B22
Pons Morro,M	2198	2003.11.17	E18	TCh-ESP Final		2003.11.17			56	1/2-1/2	1	Sanxenxo ESP		Gallego Eraso,F	2373		twic472.pgn	E18
Gonzalez de la Torre,S	2365	2003.11.17	D11	TCh-ESP Final		2003.11.17			139	0-1	1	Sanxenxo ESP		Barcelo,P	2202		twic472.pgn	D02
Conquest,S	2545	2003.11.17	E14	TCh-ESP Final		2003.11.17			77	0-1	1	Sanxenxo ESP		Bernal Moro,L	2410		twic472.pgn	E14
Alvarez Ibarra,R	2421	2003.11.17	C66	TCh-ESP Final		2003.11.17			80	1/2-1/2	1	Sanxenxo ESP		De la Villa Garcia,J	2477		twic472.pgn	C66
Sion Castro,M	2390	2003.11.17	A45	TCh-ESP Final		2003.11.17			69	1-0	1	Sanxenxo ESP		Mate Adan,J	2188		twic472.pgn	A45
Rodriguez Amezqueta,C	2056	2003.11.17	C17	TCh-ESP Final		2003.11.17			60	1-0	1	Sanxenxo ESP		Navarro Cia,M	2337		twic472.pgn	C17
Comas Fabrego,L	2502	2003.11.18	A17	TCh-ESP Final		2003.11.17			87	0-1	2	Sanxenxo ESP		Alonso Martinez,T	2165		twic472.pgn	A13
Del Rio Angelis,S	2480	2003.11.18	D02	TCh-ESP Final		2003.11.17			111	0-1	2	Sanxenxo ESP		Reinaldo,Alvaro	0		twic472.pgn	A40
Roa Alonso,S	2352	2003.11.18	C45	TCh-ESP Final		2003.11.17			134	1/2-1/2	2	Sanxenxo ESP		Khamrakulov,I	2464		twic472.pgn	C45
Perez Candelario,Man	2463	2003.11.18	D03	TCh-ESP Final		2003.11.17			73	0-1	2	Sanxenxo ESP		Spitzer Isbert,R	2129		twic472.pgn	D03
Suarez Trigueros,Jose	0	2003.11.18	A46	TCh-ESP Final		2003.11.17			56	1-0	2	Sanxenxo ESP		Carrasco Martinez,J	2370		twic472.pgn	A46
Andrada Andrada,L	2296	2003.11.18	B73	TCh-ESP Final		2003.11.17			83	0-1	2	Sanxenxo ESP		Montolio Benedicto,C	2075		twic472.pgn	B73
Perez,Rod	2449	2003.11.18	C21	TCh-ESP Final		2003.11.17			103	0-1	2	Sanxenxo ESP		Strikovic,A	2538		twic472.pgn	C21
Del Barrio Gomez,J	2306	2003.11.18	B33	TCh-ESP Final		2003.11.17			78	1-0	2	Sanxenxo ESP		Suarez Pousa,D	2383		twic472.pgn	B43
Patino Romaris,J	2284	2003.11.18	B01	TCh-ESP Final		2003.11.17			39	0-1	2	Sanxenxo ESP		Casares Cabanas,C	2173		twic472.pgn	B01
Brana Lopez,E	2069	2003.11.18	A46	TCh-ESP Final		2003.11.17			106	1/2-1/2	2	Sanxenxo ESP		Corona Garcia,T	2205		twic472.pgn	A46
Visier Segovia,F	2265	2003.11.18	B37	TCh-ESP Final		2003.11.17			71	1/2-1/2	2	Sanxenxo ESP		Rahal,M	2403		twic472.pgn	B37
Conquest,S	2545	2003.11.18	A43	TCh-ESP Final		2003.11.17			65	0-1	2	Sanxenxo ESP		Gaya Yodra,J	2246		twic472.pgn	A43
Sion Castro,M	2390	2003.11.18	D35	TCh-ESP Final		2003.11.17			43	1/2-1/2	2	Sanxenxo ESP		Pons Morro,M	2198		twic472.pgn	D37
Mas Garces,C	2150	2003.11.18	A43	TCh-ESP Final		2003.11.17			86	1-0	2	Sanxenxo ESP		Navarro Cia,M	2337		twic472.pgn	B27
Bernal Moro,L	2410	2003.11.18	A56	TCh-ESP Final		2003.11.17			53	1/2-1/2	2	Sanxenxo ESP		Flear,G	2516		twic472.pgn	A56
Rodriguez,Am	2482	2003.11.18	D00	TCh-ESP Final		2003.11.17			27	1/2-1/2	2	Sanxenxo ESP		Alvarez Ibarra,R	2421		twic472.pgn	A45
Gallego Eraso,F	2373	2003.11.18	A47	TCh-ESP Final		2003.11.17			95	0-1	2	Sanxenxo ESP		Rodriguez Amezqueta,C	2056		twic472.pgn	A45
Bologan,V	2673	2003.11.18	B51	TCh-ESP Final		2003.11.17			108	0-1	2	Sanxenxo ESP		Galego,L	2488		twic472.pgn	B51
Herraiz Hidalgo,H	2499	2003.11.18	A80	TCh-ESP Final		2003.11.17			127	1-0	2	Sanxenxo ESP		Lopez Martinez,J	2425		twic472.pgn	A80
Lacasa Diaz,J	2413	2003.11.18	B81	TCh-ESP Final		2003.11.17			78	1-0	2	Sanxenxo ESP		Damaso,R	2460		twic472.pgn	B90
De la Riva Aguado,O	2549	2003.11.18	B47	TCh-ESP Final		2003.11.17			85	1/2-1/2	2	Sanxenxo ESP		Tiviakov,S	2601		twic472.pgn	B47
Andersson,U	2566	2003.11.18	D36	TCh-ESP Final		2003.11.17			180	1/2-1/2	2	Sanxenxo ESP		Oms Pallise,J	2498		twic472.pgn	D37
Simonet,M	2334	2003.11.18	B30	TCh-ESP Final		2003.11.17			30	1/2-1/2	2	Sanxenxo ESP		Rodriguez Guerrero,E	2485		twic472.pgn	B30
Cramling,P	2470	2003.11.18	A43	TCh-ESP Final		2003.11.17			93	0-1	2	Sanxenxo ESP		Garcia Paolicchi,R	0		twic472.pgn	A43
Kogan,Ar	2556	2003.11.18	E15	TCh-ESP Final		2003.11.17			43	1/2-1/2	2	Sanxenxo ESP		Cifuentes Parada,R	2501		twic472.pgn	E15
Pablo Marin,A	2413	2003.11.18	E14	TCh-ESP Final		2003.11.17			72	1-0	2	Sanxenxo ESP		Gil Capape,J	2444		twic472.pgn	E14
Mate Adan,J	2188	2003.11.18	D07	TCh-ESP Final		2003.11.17			118	1/2-1/2	2	Sanxenxo ESP		Izeta,F	2463		twic472.pgn	D07
Garcia Castro,P	2356	2003.11.18	A43	TCh-ESP Final		2003.11.17			126	1-0	2	Sanxenxo ESP		Rustemov,A	2604		twic472.pgn	A43
Pita Romero Rodriguez,R	2099	2003.11.18	A80	TCh-ESP Final		2003.11.17			91	0-1	2	Sanxenxo ESP		Romero Holmes,A	2544		twic472.pgn	A80
Gonzalez Lopez,A	2152	2003.11.18	C45	TCh-ESP Final		2003.11.17			114	1/2-1/2	2	Sanxenxo ESP		Anglada Lobarte,J	2209		twic472.pgn	C45
Ramo Frontinan,C	2317	2003.11.18	E68	TCh-ESP Final		2003.11.17			139	1/2-1/2	2	Sanxenxo ESP		Pomes Marcet,J	2379		twic472.pgn	E68
Pont Mulet,A	2215	2003.11.18	B05	TCh-ESP Final		2003.11.17			120	1-0	2	Sanxenxo ESP		De la Villa Garcia,J	2477		twic472.pgn	B05
Del Barrio Gomez,J	2306	2003.11.19	C18	TCh-ESP Final		2003.11.17			79	1-0	3	Sanxenxo ESP		Bologan,V	2673		twic472.pgn	C18
Lopez Martinez,J	2425	2003.11.19	B51	TCh-ESP Final		2003.11.17			57	1/2-1/2	3	Sanxenxo ESP		Torrado Quintela,J	2107		twic472.pgn	B51
Gomez Lopez,Rob	2094	2003.11.19	B12	TCh-ESP Final		2003.11.17			48	1-0	3	Sanxenxo ESP		Rahal,M	2403		twic472.pgn	B12
Baches Garcia,G	2400	2003.11.19	B46	TCh-ESP Final		2003.11.17			63	0-1	3	Sanxenxo ESP		Vazquez del Valle,Ruben	0		twic472.pgn	B44
Galego,L	2488	2003.11.19	C55	TCh-ESP Final		2003.11.17			98	1/2-1/2	3	Sanxenxo ESP		Perez,Rod	2449		twic472.pgn	C50
Suarez Pousa,D	2383	2003.11.19	E38	TCh-ESP Final		2003.11.17			86	1/2-1/2	3	Sanxenxo ESP		Herraiz Hidalgo,H	2499		twic472.pgn	E38
Damaso,R	2460	2003.11.19	A41	TCh-ESP Final		2003.11.17			59	0-1	3	Sanxenxo ESP		Patino Romaris,J	2284		twic472.pgn	A41
Cruz Alvarez de Ron,D	2183	2003.11.19	B06	TCh-ESP Final		2003.11.17			30	1/2-1/2	3	Sanxenxo ESP		Visier Segovia,F	2265		twic472.pgn	A04
Gaya Yodra,J	2246	2003.11.19	D94	TCh-ESP Final		2003.11.17			77	1-0	3	Sanxenxo ESP		Bernal Moro,L	2410		twic472.pgn	A15
Alvarez Ibarra,R	2421	2003.11.19	A57	TCh-ESP Final		2003.11.17			115	0-1	3	Sanxenxo ESP		Pons Morro,M	2198		twic472.pgn	A57
Barcelo,P	2202	2003.11.19	D01	TCh-ESP Final		2003.11.17			81	0-1	3	Sanxenxo ESP		Mate Adan,J	2188		twic472.pgn	D01
Rodriguez Amezqueta,C	2056	2003.11.19	D00	TCh-ESP Final		2003.11.17			41	1/2-1/2	3	Sanxenxo ESP		Mas Garces,C	2150		twic472.pgn	A48
Cifuentes Parada,R	2501	2003.11.19	B23	TCh-ESP Final		2003.11.17			40	1/2-1/2	3	Sanxenxo ESP		Garcia Castro,P	2356		twic472.pgn	B23
Alonso Martinez,T	2165	2003.11.19	C54	TCh-ESP Final		2003.11.17			62	1-0	3	Sanxenxo ESP		Pablo Marin,A	2413		twic472.pgn	C50
Pomes Marcet,J	2379	2003.11.19	C02	TCh-ESP Final		2003.11.17			69	0-1	3	Sanxenxo ESP		Pita Romero Rodriguez,R	2099		twic472.pgn	C02
Reinaldo,Alvaro	0	2003.11.19	A85	TCh-ESP Final		2003.11.17			61	1/2-1/2	3	Sanxenxo ESP		Gonzalez Lopez,A	2152		twic472.pgn	D31
Carrasco Martinez,J	2370	2003.11.19	A59	TCh-ESP Final		2003.11.17			74	1-0	3	Sanxenxo ESP		Simonet,M	2334		twic472.pgn	A58
Garcia Paolicchi,R	0	2003.11.19	B40	TCh-ESP Final		2003.11.17			81	1/2-1/2	3	Sanxenxo ESP		Andrada Andrada,L	2296		twic472.pgn	B40
Spitzer Isbert,R	2129	2003.11.19	E62	TCh-ESP Final		2003.11.17			44	1-0	3	Sanxenxo ESP		Andersson,U	2566		twic472.pgn	E62
Rodriguez Guerrero,E	2485	2003.11.19	C15	TCh-ESP Final		2003.11.17			77	0-1	3	Sanxenxo ESP		Suarez Trigueros,Jose	0		twic472.pgn	C15
Montolio Benedicto,C	2075	2003.11.19	E90	TCh-ESP Final		2003.11.17			54	1-0	3	Sanxenxo ESP		Cramling,P	2470		twic472.pgn	E90
Krasenkow,M	2597	2003.11.19	D00	TCh-ESP Final		2003.11.17			83	0-1	3	Sanxenxo ESP		Kogan,Ar	2556		twic472.pgn	A48
Gil Capape,J	2444	2003.11.19	B12	TCh-ESP Final		2003.11.17			75	1/2-1/2	3	Sanxenxo ESP		Nijboer,F	2577		twic472.pgn	B12
Comas Fabrego,L	2502	2003.11.19	A04	TCh-ESP Final		2003.11.17			66	1/2-1/2	3	Sanxenxo ESP		Ramo Frontinan,C	2317		twic472.pgn	B40
Anglada Lobarte,J	2209	2003.11.19	B15	TCh-ESP Final		2003.11.17			60	1-0	3	Sanxenxo ESP		Del Rio Angelis,S	2480		twic472.pgn	B06
Khamrakulov,I	2464	2003.11.19	B40	TCh-ESP Final		2003.11.17			71	0-1	3	Sanxenxo ESP		De la Riva Aguado,O	2549		twic472.pgn	B28
Oms Pallise,J	2498	2003.11.19	B85	TCh-ESP Final		2003.11.17			96	1/2-1/2	3	Sanxenxo ESP		Perez Candelario,Man	2463		twic472.pgn	B47
De la Villa Garcia,J	2477	2003.11.19	B29	TCh-ESP Final		2003.11.17			42	1/2-1/2	3	Sanxenxo ESP		Rodriguez,Am	2482		twic472.pgn	B29
Izeta,F	2463	2003.11.19	C41	TCh-ESP Final		2003.11.17			103	1/2-1/2	3	Sanxenxo ESP		Sion Castro,M	2390		twic472.pgn	C41
Navarro Cia,M	2337	2003.11.19	B04	TCh-ESP Final		2003.11.17			112	1-0	3	Sanxenxo ESP		Gonzalez de la Torre,S	2365		twic472.pgn	B04
Flear,G	2516	2003.11.19	D30	TCh-ESP Final		2003.11.17			140	1-0	3	Sanxenxo ESP		Conquest,S	2545		twic472.pgn	D30
Tiviakov,S	2601	2003.11.20	E17	TCh-ESP Final		2003.11.17			74	0-1	4	Sanxenxo ESP		Gaya Yodra,J	2246		twic472.pgn	E17
Pont Mulet,A	2215	2003.11.20	D78	TCh-ESP Final		2003.11.17			45	1-0	4	Sanxenxo ESP		Andersson,U	2566		twic472.pgn	D78
Rodriguez Guerrero,E	2485	2003.11.20	B21	TCh-ESP Final		2003.11.17			65	0-1	4	Sanxenxo ESP		Pons Morro,M	2198		twic472.pgn	B21
Barcelo,P	2202	2003.11.20	D28	TCh-ESP Final		2003.11.17			71	1-0	4	Sanxenxo ESP		Cramling,P	2470		twic472.pgn	D26
Cifuentes Parada,R	2501	2003.11.20	B80	TCh-ESP Final		2003.11.17			94	1/2-1/2	4	Sanxenxo ESP		Perez,Rod	2449		twic472.pgn	B80
Suarez Pousa,D	2383	2003.11.20	A14	TCh-ESP Final		2003.11.17			105	1/2-1/2	4	Sanxenxo ESP		Pablo Marin,A	2413		twic472.pgn	A13
Pomes Marcet,J	2379	2003.11.20	C16	TCh-ESP Final		2003.11.17			105	0-1	4	Sanxenxo ESP		Paredes Galan,A	2321		twic472.pgn	C16
Corona Garcia,T	2205	2003.11.20	A80	TCh-ESP Final		2003.11.17			102	1/2-1/2	4	Sanxenxo ESP		Gonzalez Lopez,A	2152		twic472.pgn	A41
Kogan,Ar	2556	2003.11.20	E94	TCh-ESP Final		2003.11.17			80	1-0	4	Sanxenxo ESP		Bernal Moro,L	2410		twic472.pgn	E94
Alvarez Ibarra,R	2421	2003.11.20	A57	TCh-ESP Final		2003.11.17			29	1/2-1/2	4	Sanxenxo ESP		Gil Capape,J	2444		twic472.pgn	A57
Ramo Frontinan,C	2317	2003.11.20	E92	TCh-ESP Final		2003.11.17			41	1/2-1/2	4	Sanxenxo ESP		Mate Adan,J	2188		twic472.pgn	E93
Rodriguez Amezqueta,C	2056	2003.11.20	A25	TCh-ESP Final		2003.11.17			60	1-0	4	Sanxenxo ESP		Fernandez Lopez,Fe	2290		twic472.pgn	A10
Casares Cabanas,C	2173	2003.11.20	B80	TCh-ESP Final		2003.11.17			56	1-0	4	Sanxenxo ESP		De la Riva Aguado,O	2549		twic472.pgn	B80
Oms Pallise,J	2498	2003.11.20	C00	TCh-ESP Final		2003.11.17			39	0-1	4	Sanxenxo ESP		Torrado Quintela,J	2107		twic472.pgn	B20
Gomez Lopez,Rob	2094	2003.11.20	A16	TCh-ESP Final		2003.11.17			82	0-1	4	Sanxenxo ESP		Simonet,M	2334		twic472.pgn	A15
Jose Queralto,D	2182	2003.11.20	C47	TCh-ESP Final		2003.11.17			33	0-1	4	Sanxenxo ESP		Vazquez del Valle,Ruben	0		twic472.pgn	C47
Damaso,R	2460	2003.11.20	D00	TCh-ESP Final		2003.11.17			47	1/2-1/2	4	Sanxenxo ESP		Izeta,F	2463		twic472.pgn	A48
Gallego Eraso,F	2373	2003.11.20	A14	TCh-ESP Final		2003.11.17			54	1/2-1/2	4	Sanxenxo ESP		Visier Segovia,F	2265		twic472.pgn	A15
Franco Alonso,A	2383	2003.11.20	B26	TCh-ESP Final		2003.11.17			103	1/2-1/2	4	Sanxenxo ESP		Garcia Castro,P	2356		twic472.pgn	B26
Alonso Martinez,T	2165	2003.11.20	B27	TCh-ESP Final		2003.11.17			105	0-1	4	Sanxenxo ESP		Spitzer Isbert,R	2129		twic472.pgn	B27
Suarez Trigueros,Jose	0	2003.11.20	C02	TCh-ESP Final		2003.11.17			115	0-1	4	Sanxenxo ESP		Rodriguez Boado,M	2155		twic472.pgn	C02
Reinaldo,Alvaro	0	2003.11.20	B40	TCh-ESP Final		2003.11.17			96	1-0	4	Sanxenxo ESP		Montolio Benedicto,C	2075		twic472.pgn	C00
Isonzo,D	2349	2003.11.15	A48	Claude Pecaut Mem		2003.11.15			35	1/2-1/2	1	Taormina ITA		Ljubisavljevic,Z	2316		twic472.pgn	A48
Tomescu,V	2447	2003.11.15	D18	Claude Pecaut Mem		2003.11.15			33	1/2-1/2	1	Taormina ITA		Calzetta,M	2274		twic472.pgn	D18
Aldrovandi,C	2414	2003.11.15	B76	Claude Pecaut Mem		2003.11.15			53	0-1	1	Taormina ITA		Carlsen,M	2450		twic472.pgn	B76
Ortega,Le	2462	2003.11.15	A43	Claude Pecaut Mem		2003.11.15			23	1/2-1/2	1	Taormina ITA		Estremera Panos,S	2350		twic472.pgn	A40
Movsziszian,K	2475	2003.11.15	B22	Claude Pecaut Mem		2003.11.15			121	0-1	1	Taormina ITA		Godena,M	2523		twic472.pgn	B07
Calzetta,M	2274	2003.11.16	A20	Claude Pecaut Mem		2003.11.15			4	1/2-1/2	2	Taormina ITA		Aldrovandi,C	2414		twic472.pgn	A20
Ljubisavljevic,Z	2316	2003.11.16	B50	Claude Pecaut Mem		2003.11.15			82	1-0	2	Taormina ITA		Godena,M	2523		twic472.pgn	B50
Estremera Panos,S	2350	2003.11.16	D30	Claude Pecaut Mem		2003.11.15			16	1/2-1/2	2	Taormina ITA		Isonzo,D	2349		twic472.pgn	A13
Tomescu,V	2447	2003.11.16	A29	Claude Pecaut Mem		2003.11.15			25	1/2-1/2	2	Taormina ITA		Movsziszian,K	2475		twic472.pgn	A00
Carlsen,M	2450	2003.11.16	B36	Claude Pecaut Mem		2003.11.15			83	1/2-1/2	2	Taormina ITA		Ortega,Le	2462		twic472.pgn	A15
Ortega,Le	2462	2003.11.17	B42	Claude Pecaut Mem		2003.11.15			71	1/2-1/2	3	Taormina ITA		Calzetta,M	2274		twic472.pgn	B42
Isonzo,D	2349	2003.11.17	C65	Claude Pecaut Mem		2003.11.15			124	1-0	3	Taormina ITA		Carlsen,M	2450		twic472.pgn	C65
Godena,M	2523	2003.11.17	D52	Claude Pecaut Mem		2003.11.15			93	0-1	3	Taormina ITA		Estremera Panos,S	2350		twic472.pgn	D52
Movsziszian,K	2475	2003.11.17	B06	Claude Pecaut Mem		2003.11.15			116	1-0	3	Taormina ITA		Ljubisavljevic,Z	2316		twic472.pgn	B06
Aldrovandi,C	2414	2003.11.17	E81	Claude Pecaut Mem		2003.11.15			88	1-0	3	Taormina ITA		Tomescu,V	2447		twic472.pgn	E81
Carlsen,M	2450	2003.11.18	B22	Claude Pecaut Mem		2003.11.15			95	1/2-1/2	4	Taormina ITA		Godena,M	2523		twic472.pgn	B22
Tomescu,V	2447	2003.11.18	B89	Claude Pecaut Mem		2003.11.15			85	1/2-1/2	4	Taormina ITA		Ortega,Le	2462		twic472.pgn	B89
Calzetta,M	2274	2003.11.18	B36	Claude Pecaut Mem		2003.11.15			32	1/2-1/2	4	Taormina ITA		Isonzo,D	2349		twic472.pgn	B36
Estremera Panos,S	2350	2003.11.18	D00	Claude Pecaut Mem		2003.11.15			116	1/2-1/2	4	Taormina ITA		Ljubisavljevic,Z	2316		twic472.pgn	A45
Aldrovandi,C	2414	2003.11.18	E76	Claude Pecaut Mem		2003.11.15			120	1-0	4	Taormina ITA		Movsziszian,K	2475		twic472.pgn	E76
Movsziszian,K	2475	2003.11.19	E94	Claude Pecaut Mem		2003.11.15			87	1/2-1/2	5	Taormina ITA		Estremera Panos,S	2350		twic472.pgn	E94
Isonzo,D	2349	2003.11.19	B33	Claude Pecaut Mem		2003.11.15			81	1-0	5	Taormina ITA		Tomescu,V	2447		twic472.pgn	B33
Ljubisavljevic,Z	2316	2003.11.19	B52	Claude Pecaut Mem		2003.11.15			88	1-0	5	Taormina ITA		Carlsen,M	2450		twic472.pgn	B52
Godena,M	2523	2003.11.19	C77	Claude Pecaut Mem		2003.11.15			71	0-1	5	Taormina ITA		Calzetta,M	2274		twic472.pgn	C77
Ortega,Le	2462	2003.11.19	A11	Claude Pecaut Mem		2003.11.15			101	0-1	5	Taormina ITA		Aldrovandi,C	2414		twic472.pgn	A11
Carlsen,M	2450	2003.11.20	D87	Claude Pecaut Mem		2003.11.15			62	1/2-1/2	6	Taormina ITA		Estremera Panos,S	2350		twic472.pgn	D87
Tomescu,V	2447	2003.11.20	B30	Claude Pecaut Mem		2003.11.15			66	1-0	6	Taormina ITA		Godena,M	2523		twic472.pgn	B30
Aldrovandi,C	2414	2003.11.20	E98	Claude Pecaut Mem		2003.11.15			29	1/2-1/2	6	Taormina ITA		Isonzo,D	2349		twic472.pgn	E98
Calzetta,M	2274	2003.11.20	E91	Claude Pecaut Mem		2003.11.15			102	1-0	6	Taormina ITA		Ljubisavljevic,Z	2316		twic472.pgn	A30
Ortega,Le	2462	2003.11.20	D14	Claude Pecaut Mem		2003.11.15			21	1/2-1/2	6	Taormina ITA		Movsziszian,K	2475		twic472.pgn	D14
Isonzo,D	2349	2003.11.21	E62	Claude Pecaut Mem		2003.11.15			59	1-0	7	Taormina ITA		Ortega,Le	2462		twic472.pgn	E62
Movsziszian,K	2475	2003.11.21	E94	Claude Pecaut Mem		2003.11.15			114	1/2-1/2	7	Taormina ITA		Carlsen,M	2450		twic472.pgn	E94
Estremera Panos,S	2350	2003.11.21	C42	Claude Pecaut Mem		2003.11.15			24	1/2-1/2	7	Taormina ITA		Calzetta,M	2274		twic472.pgn	C42
Ljubisavljevic,Z	2316	2003.11.21	B12	Claude Pecaut Mem		2003.11.15			92	1-0	7	Taormina ITA		Tomescu,V	2447		twic472.pgn	B12
Godena,M	2523	2003.11.21	A13	Claude Pecaut Mem		2003.11.15			25	1/2-1/2	7	Taormina ITA		Aldrovandi,C	2414		twic472.pgn	A13
Calzetta,M	2274	2003.11.22	A58	Claude Pecaut Mem		2003.11.15			56	1-0	8	Taormina ITA		Carlsen,M	2450		twic472.pgn	A58
Isonzo,D	2349	2003.11.22	B20	Claude Pecaut Mem		2003.11.15			111	1/2-1/2	8	Taormina ITA		Movsziszian,K	2475		twic472.pgn	B20
Ortega,Le	2462	2003.11.22	B51	Claude Pecaut Mem		2003.11.15			36	1-0	8	Taormina ITA		Godena,M	2523		twic472.pgn	B51
Aldrovandi,C	2414	2003.11.22	A49	Claude Pecaut Mem		2003.11.15			9	1/2-1/2	8	Taormina ITA		Ljubisavljevic,Z	2316		twic472.pgn	A05
Tomescu,V	2447	2003.11.22	D66	Claude Pecaut Mem		2003.11.15			28	1/2-1/2	8	Taormina ITA		Estremera Panos,S	2350		twic472.pgn	D66
Movsziszian,K	2475	2003.11.23	B06	Claude Pecaut Mem		2003.11.15			64	0-1	9	Taormina ITA		Calzetta,M	2274		twic472.pgn	B06
Carlsen,M	2450	2003.11.23	E20	Claude Pecaut Mem		2003.11.15			57	1/2-1/2	9	Taormina ITA		Tomescu,V	2447		twic472.pgn	E20
Estremera Panos,S	2350	2003.11.23	A38	Claude Pecaut Mem		2003.11.15			22	1/2-1/2	9	Taormina ITA		Aldrovandi,C	2414		twic472.pgn	A15
Ljubisavljevic,Z	2316	2003.11.23	E41	Claude Pecaut Mem		2003.11.15			58	1-0	9	Taormina ITA		Ortega,Le	2462		twic472.pgn	E41
Godena,M	2523	2003.11.23	D02	Claude Pecaut Mem		2003.11.15			15	1/2-1/2	9	Taormina ITA		Isonzo,D	2349		twic472.pgn	A07
Rabiega,R	2522	2003.11.09	D11	ch-Europe Internet Blitz		2003.11.09			50	1/2-1/2	1.1	playchess.com INT		Svetushkin,D	2570		twic472.pgn	D11
Borg,G	2367	2003.11.09	B35	ch-Europe Internet Blitz		2003.11.09			60	1-0	1.1	playchess.com INT		Bologan,V	2673		twic472.pgn	B35
Belezky,S	2408	2003.11.09	E13	ch-Europe Internet Blitz		2003.11.09			82	1-0	1.1	playchess.com INT		Bacrot,E	2664		twic472.pgn	E12
Bjelajac,M	2370	2003.11.09	A89	ch-Europe Internet Blitz		2003.11.09			79	1/2-1/2	1.1	playchess.com INT		Panzalovic,S	2421		twic472.pgn	A89
Dovramadjiev,T	2312	2003.11.09	B31	ch-Europe Internet Blitz		2003.11.09			94	1-0	1.1	playchess.com INT		Adams,Mi	2725		twic472.pgn	B31
Deviatkin,A	2509	2003.11.09	D26	ch-Europe Internet Blitz		2003.11.09			108	1-0	1.1	playchess.com INT		Timofeev,Ar	2575		twic472.pgn	B10
Panarin,M	2424	2003.11.09	A67	ch-Europe Internet Blitz		2003.11.09			62	1-0	1.1	playchess.com INT		Van Wely,L	2654		twic472.pgn	A67
Bellini,F	2503	2003.11.09	B38	ch-Europe Internet Blitz		2003.11.09			99	0-1	1.1	playchess.com INT		Bischoff,K	2564		twic472.pgn	B38
Soloviov,S	2422	2003.11.09	B06	ch-Europe Internet Blitz		2003.11.09			84	1/2-1/2	1.1	playchess.com INT		Plaskett,J	2483		twic472.pgn	B06
Hansen,SuB	2551	2003.11.09	B41	ch-Europe Internet Blitz		2003.11.09			93	0-1	1.1	playchess.com INT		Libiszewski,F	2446		twic472.pgn	B41
Mikhalevski,V	2548	2003.11.09	D94	ch-Europe Internet Blitz		2003.11.09			76	1/2-1/2	1.1	playchess.com INT		Kiriakov,P	2555		twic472.pgn	D94
Vlassov,N	2466	2003.11.09	E10	ch-Europe Internet Blitz		2003.11.09			105	0-1	1.1	playchess.com INT		Kharlov,A	2591		twic472.pgn	A50
Abergel,T	2430	2003.11.09	B53	ch-Europe Internet Blitz		2003.11.09			112	1-0	1.1	playchess.com INT		Sutovsky,E	2646		twic472.pgn	B53
Wirig,A	2424	2003.11.09	E14	ch-Europe Internet Blitz		2003.11.09			122	1/2-1/2	1.1	playchess.com INT		Radjabov,T	2650		twic472.pgn	E11
Popovic,Du	2448	2003.11.09	B90	ch-Europe Internet Blitz		2003.11.09			62	1-0	1.1	playchess.com INT		Nunn,J	2617		twic472.pgn	B90
Svetushkin,D	2570	2003.11.09	B18	ch-Europe Internet Blitz		2003.11.09			56	1-0	1.2	playchess.com INT		Rabiega,R	2522		twic472.pgn	B18
Grebionkin,Vl	2462	2003.11.09	B51	ch-Europe Internet Blitz		2003.11.09			163	0-1	1.1	playchess.com INT		Sadvakasov,D	2595		twic472.pgn	B30
Van Wely,L	2654	2003.11.09	B33	ch-Europe Internet Blitz		2003.11.09			51	1/2-1/2	1.2	playchess.com INT		Panarin,M	2424		twic472.pgn	B33
Bacrot,E	2664	2003.11.09	A07	ch-Europe Internet Blitz		2003.11.09			111	0-1	1.2	playchess.com INT		Belezky,S	2408		twic472.pgn	A07
Bologan,V	2673	2003.11.09	E76	ch-Europe Internet Blitz		2003.11.09			88	1-0	1.2	playchess.com INT		Borg,G	2367		twic472.pgn	E76
Timofeev,Ar	2575	2003.11.09	B22	ch-Europe Internet Blitz		2003.11.09			76	1/2-1/2	1.2	playchess.com INT		Deviatkin,A	2509		twic472.pgn	B22
Bischoff,K	2564	2003.11.09	A08	ch-Europe Internet Blitz		2003.11.09			72	1-0	1.2	playchess.com INT		Bellini,F	2503		twic472.pgn	A08
Rabiega,R	2522	2003.11.09	D07	ch-Europe Internet Blitz		2003.11.09			73	0-1	1.3	playchess.com INT		Svetushkin,D	2570		twic472.pgn	D07
Panzalovic,S	2421	2003.11.09	B22	ch-Europe Internet Blitz		2003.11.09			153	0-1	1.2	playchess.com INT		Bjelajac,M	2370		twic472.pgn	B22
Nunn,J	2617	2003.11.09	B23	ch-Europe Internet Blitz		2003.11.09			63	1/2-1/2	1.2	playchess.com INT		Popovic,Du	2448		twic472.pgn	B23
Libiszewski,F	2446	2003.11.09	C00	ch-Europe Internet Blitz		2003.11.09			80	1-0	1.2	playchess.com INT		Hansen,SuB	2551		twic472.pgn	C00
Adams,Mi	2725	2003.11.09	D30	ch-Europe Internet Blitz		2003.11.09			117	0-1	1.2	playchess.com INT		Dovramadjiev,T	2312		twic472.pgn	A13
Belezky,S	2408	2003.11.09	A49	ch-Europe Internet Blitz		2003.11.09			50	1/2-1/2	1.3	playchess.com INT		Bacrot,E	2664		twic472.pgn	A49
Radjabov,T	2650	2003.11.09	A46	ch-Europe Internet Blitz		2003.11.09			70	1-0	1.2	playchess.com INT		Wirig,A	2424		twic472.pgn	A46
Sutovsky,E	2646	2003.11.09	B90	ch-Europe Internet Blitz		2003.11.09			92	1-0	1.2	playchess.com INT		Abergel,T	2430		twic472.pgn	B90
Kiriakov,P	2555	2003.11.09	E05	ch-Europe Internet Blitz		2003.11.09			104	1-0	1.2	playchess.com INT		Mikhalevski,V	2548		twic472.pgn	E06
Plaskett,J	2483	2003.11.09	C00	ch-Europe Internet Blitz		2003.11.09			108	1-0	1.2	playchess.com INT		Soloviov,S	2422		twic472.pgn	B40
Kharlov,A	2591	2003.11.09	B22	ch-Europe Internet Blitz		2003.11.09			128	1-0	1.2	playchess.com INT		Vlassov,N	2466		twic472.pgn	B22
Borg,G	2367	2003.11.09	B27	ch-Europe Internet Blitz		2003.11.09			60	1-0	1.3	playchess.com INT		Bologan,V	2673		twic472.pgn	B27
Panarin,M	2424	2003.11.09	A67	ch-Europe Internet Blitz		2003.11.09			97	0-1	1.3	playchess.com INT		Van Wely,L	2654		twic472.pgn	A67
Sadvakasov,D	2595	2003.11.09	D27	ch-Europe Internet Blitz		2003.11.09			112	1/2-1/2	1.2	playchess.com INT		Grebionkin,Vl	2462		twic472.pgn	D27
Bellini,F	2503	2003.11.09	A42	ch-Europe Internet Blitz		2003.11.09			148	1-0	1.3	playchess.com INT		Bischoff,K	2564		twic472.pgn	A42
Bjelajac,M	2370	2003.11.09	A89	ch-Europe Internet Blitz		2003.11.09			104	1-0	1.3	playchess.com INT		Panzalovic,S	2421		twic472.pgn	A89
Popovic,Du	2448	2003.11.09	B90	ch-Europe Internet Blitz		2003.11.09			70	1/2-1/2	1.3	playchess.com INT		Nunn,J	2617		twic472.pgn	B90
Hansen,SuB	2551	2003.11.09	B43	ch-Europe Internet Blitz		2003.11.09			105	0-1	1.3	playchess.com INT		Libiszewski,F	2446		twic472.pgn	B43
Dovramadjiev,T	2312	2003.11.09	B22	ch-Europe Internet Blitz		2003.11.09			105	1/2-1/2	1.3	playchess.com INT		Adams,Mi	2725		twic472.pgn	B27
Deviatkin,A	2509	2003.11.09	B04	ch-Europe Internet Blitz		2003.11.09			126	1-0	1.3	playchess.com INT		Timofeev,Ar	2575		twic472.pgn	B04
Abergel,T	2430	2003.11.09	B31	ch-Europe Internet Blitz		2003.11.09			102	1-0	1.3	playchess.com INT		Sutovsky,E	2646		twic472.pgn	B31
Soloviov,S	2422	2003.11.09	B06	ch-Europe Internet Blitz		2003.11.09			111	0-1	1.3	playchess.com INT		Plaskett,J	2483		twic472.pgn	B06
Mikhalevski,V	2548	2003.11.09	D94	ch-Europe Internet Blitz		2003.11.09			152	1-0	1.3	playchess.com INT		Kiriakov,P	2555		twic472.pgn	D94
Bologan,V	2673	2003.11.09	A28	ch-Europe Internet Blitz		2003.11.09			102	1-0	1.4	playchess.com INT		Borg,G	2367		twic472.pgn	A50
Wirig,A	2424	2003.11.09	E11	ch-Europe Internet Blitz		2003.11.09			188	1-0	1.3	playchess.com INT		Radjabov,T	2650		twic472.pgn	E11
Grebionkin,Vl	2462	2003.11.09	B33	ch-Europe Internet Blitz		2003.11.09			67	0-1	1.3	playchess.com INT		Sadvakasov,D	2595		twic472.pgn	B33
Vlassov,N	2466	2003.11.09	E10	ch-Europe Internet Blitz		2003.11.09			169	1/2-1/2	1.3	playchess.com INT		Kharlov,A	2591		twic472.pgn	A50
Van Wely,L	2654	2003.11.09	B33	ch-Europe Internet Blitz		2003.11.09			126	1-0	1.4	playchess.com INT		Panarin,M	2424		twic472.pgn	B33
Bischoff,K	2564	2003.11.09	C11	ch-Europe Internet Blitz		2003.11.09			59	0-1	1.4	playchess.com INT		Bellini,F	2503		twic472.pgn	B02
Sutovsky,E	2646	2003.11.09	B23	ch-Europe Internet Blitz		2003.11.09			65	0-1	1.4	playchess.com INT		Abergel,T	2430		twic472.pgn	B23
Nunn,J	2617	2003.11.09	B23	ch-Europe Internet Blitz		2003.11.09			137	1/2-1/2	1.4	playchess.com INT		Popovic,Du	2448		twic472.pgn	B23
Borg,G	2367	2003.11.09	A43	ch-Europe Internet Blitz		2003.11.09			59	0-1	1.5	playchess.com INT		Bologan,V	2673		twic472.pgn	B27
Kiriakov,P	2555	2003.11.09	E05	ch-Europe Internet Blitz		2003.11.09			93	0-1	1.4	playchess.com INT		Mikhalevski,V	2548		twic472.pgn	E06
Radjabov,T	2650	2003.11.09	A90	ch-Europe Internet Blitz		2003.11.09			151	0-1	1.4	playchess.com INT		Wirig,A	2424		twic472.pgn	A40
Bellini,F	2503	2003.11.09	E61	ch-Europe Internet Blitz		2003.11.09			126	1-0	1.5	playchess.com INT		Bischoff,K	2564		twic472.pgn	A41
Kiriakov,P	2555	2003.11.09	E05	ch-Europe Internet Blitz		2003.11.09			59	1/2-1/2	2.1	playchess.com INT		Panzalovic,S	2421		twic472.pgn	E06
Hansen,SuB	2551	2003.11.09	B42	ch-Europe Internet Blitz		2003.11.09			70	1-0	2.1	playchess.com INT		Adams,Mi	2725		twic472.pgn	B42
Vlassov,N	2466	2003.11.09	E11	ch-Europe Internet Blitz		2003.11.09			78	1/2-1/2	2.1	playchess.com INT		Radjabov,T	2650		twic472.pgn	A50
Rabiega,R	2522	2003.11.09	D35	ch-Europe Internet Blitz		2003.11.09			147	1/2-1/2	2.1	playchess.com INT		Bacrot,E	2664		twic472.pgn	A13
Nunn,J	2617	2003.11.09	B31	ch-Europe Internet Blitz		2003.11.09			85	0-1	2.1	playchess.com INT		Soloviov,S	2422		twic472.pgn	B31
Grebionkin,Vl	2462	2003.11.09	B51	ch-Europe Internet Blitz		2003.11.09			107	1/2-1/2	2.1	playchess.com INT		Sutovsky,E	2646		twic472.pgn	B30
Timofeev,Ar	2575	2003.11.09	B80	ch-Europe Internet Blitz		2003.11.09			114	1-0	2.1	playchess.com INT		Panarin,M	2424		twic472.pgn	B56
Bischoff,K	2564	2003.11.09	A40	ch-Europe Internet Blitz		2003.11.09			162	1/2-1/2	2.1	playchess.com INT		Borg,G	2367		twic472.pgn	A40
Adams,Mi	2725	2003.11.09	C54	ch-Europe Internet Blitz		2003.11.09			76	1/2-1/2	2.2	playchess.com INT		Hansen,SuB	2551		twic472.pgn	C51
Panzalovic,S	2421	2003.11.09	D85	ch-Europe Internet Blitz		2003.11.09			75	1/2-1/2	2.2	playchess.com INT		Kiriakov,P	2555		twic472.pgn	D85
Sutovsky,E	2646	2003.11.09	A34	ch-Europe Internet Blitz		2003.11.09			51	0-1	2.2	playchess.com INT		Grebionkin,Vl	2462		twic472.pgn	A34
Bacrot,E	2664	2003.11.09	C55	ch-Europe Internet Blitz		2003.11.09			109	1/2-1/2	2.2	playchess.com INT		Rabiega,R	2522		twic472.pgn	C50
Panarin,M	2424	2003.11.09	B92	ch-Europe Internet Blitz		2003.11.09			67	0-1	2.2	playchess.com INT		Timofeev,Ar	2575		twic472.pgn	B92
Soloviov,S	2422	2003.11.09	B06	ch-Europe Internet Blitz		2003.11.09			88	1/2-1/2	2.2	playchess.com INT		Nunn,J	2617		twic472.pgn	B06
Borg,G	2367	2003.11.09	A84	ch-Europe Internet Blitz		2003.11.09			118	1-0	2.2	playchess.com INT		Bischoff,K	2564		twic472.pgn	D31
Radjabov,T	2650	2003.11.09	B22	ch-Europe Internet Blitz		2003.11.09			170	1/2-1/2	2.2	playchess.com INT		Vlassov,N	2466		twic472.pgn	B22
Hansen,SuB	2551	2003.11.09	B42	ch-Europe Internet Blitz		2003.11.09			115	0-1	2.3	playchess.com INT		Adams,Mi	2725		twic472.pgn	B42
Kiriakov,P	2555	2003.11.09	D52	ch-Europe Internet Blitz		2003.11.09			107	1/2-1/2	2.3	playchess.com INT		Panzalovic,S	2421		twic472.pgn	D52
Nunn,J	2617	2003.11.09	B31	ch-Europe Internet Blitz		2003.11.09			36	1-0	2.3	playchess.com INT		Soloviov,S	2422		twic472.pgn	B31
Grebionkin,Vl	2462	2003.11.09	B51	ch-Europe Internet Blitz		2003.11.09			46	1-0	2.3	playchess.com INT		Sutovsky,E	2646		twic472.pgn	B30
Bischoff,K	2564	2003.11.09	E21	ch-Europe Internet Blitz		2003.11.09			51	0-1	2.3	playchess.com INT		Borg,G	2367		twic472.pgn	E21
Rabiega,R	2522	2003.11.09	D36	ch-Europe Internet Blitz		2003.11.09			100	1-0	2.3	playchess.com INT		Bacrot,E	2664		twic472.pgn	D35
Timofeev,Ar	2575	2003.11.09	B66	ch-Europe Internet Blitz		2003.11.09			118	1-0	2.3	playchess.com INT		Panarin,M	2424		twic472.pgn	B67
Adams,Mi	2725	2003.11.09	A13	ch-Europe Internet Blitz		2003.11.09			103	1/2-1/2	2.4	playchess.com INT		Hansen,SuB	2551		twic472.pgn	A15
Panzalovic,S	2421	2003.11.09	A48	ch-Europe Internet Blitz		2003.11.09			72	1-0	2.4	playchess.com INT		Kiriakov,P	2555		twic472.pgn	A48
Vlassov,N	2466	2003.11.09	E11	ch-Europe Internet Blitz		2003.11.09			179	1/2-1/2	2.3	playchess.com INT		Radjabov,T	2650		twic472.pgn	A50
Soloviov,S	2422	2003.11.09	B06	ch-Europe Internet Blitz		2003.11.09			158	1-0	2.4	playchess.com INT		Nunn,J	2617		twic472.pgn	B06
Bacrot,E	2664	2003.11.09	C55	ch-Europe Internet Blitz		2003.11.09			123	0-1	2.4	playchess.com INT		Rabiega,R	2522		twic472.pgn	C50
Hansen,SuB	2551	2003.11.09	B42	ch-Europe Internet Blitz		2003.11.09			122	1-0	2.5	playchess.com INT		Adams,Mi	2725		twic472.pgn	B42
Radjabov,T	2650	2003.11.09	B22	ch-Europe Internet Blitz		2003.11.09			60	1-0	2.4	playchess.com INT		Vlassov,N	2466		twic472.pgn	B22
Nunn,J	2617	2003.11.09	B90	ch-Europe Internet Blitz		2003.11.09			52	1-0	3.1	playchess.com INT		Adams,Mi	2725		twic472.pgn	B90
Panarin,M	2424	2003.11.09	A70	ch-Europe Internet Blitz		2003.11.09			50	1-0	3.1	playchess.com INT		Bacrot,E	2664		twic472.pgn	A70
Sutovsky,E	2646	2003.11.09	D85	ch-Europe Internet Blitz		2003.11.09			57	1/2-1/2	3.1	playchess.com INT		Kiriakov,P	2555		twic472.pgn	D85
Vlassov,N	2466	2003.11.09	A29	ch-Europe Internet Blitz		2003.11.09			143	1/2-1/2	3.1	playchess.com INT		Bischoff,K	2564		twic472.pgn	A29
Adams,Mi	2725	2003.11.09	C87	ch-Europe Internet Blitz		2003.11.09			75	1/2-1/2	3.2	playchess.com INT		Nunn,J	2617		twic472.pgn	C87
Kiriakov,P	2555	2003.11.09	C07	ch-Europe Internet Blitz		2003.11.09			92	1/2-1/2	3.2	playchess.com INT		Sutovsky,E	2646		twic472.pgn	C03
Bacrot,E	2664	2003.11.09	C67	ch-Europe Internet Blitz		2003.11.09			139	0-1	3.2	playchess.com INT		Panarin,M	2424		twic472.pgn	C67
Nunn,J	2617	2003.11.09	B91	ch-Europe Internet Blitz		2003.11.09			48	1-0	3.3	playchess.com INT		Adams,Mi	2725		twic472.pgn	B91
Bischoff,K	2564	2003.11.09	B22	ch-Europe Internet Blitz		2003.11.09			88	1-0	3.3	playchess.com INT		Vlassov,N	2466		twic472.pgn	B22
Sutovsky,E	2646	2003.11.09	D94	ch-Europe Internet Blitz		2003.11.09			57	1/2-1/2	3.3	playchess.com INT		Kiriakov,P	2555		twic472.pgn	A56
Vlassov,N	2466	2003.11.09	A29	ch-Europe Internet Blitz		2003.11.09			83	0-1	3.3	playchess.com INT		Bischoff,K	2564		twic472.pgn	A29
Panarin,M	2424	2003.11.09	E15	ch-Europe Internet Blitz		2003.11.09			128	1-0	3.3	playchess.com INT		Bacrot,E	2664		twic472.pgn	E15
Kiriakov,P	2555	2003.11.09	C07	ch-Europe Internet Blitz		2003.11.09			70	1-0	3.4	playchess.com INT		Sutovsky,E	2646		twic472.pgn	C03
Vlassov,N	2466	2003.11.09	B01	ch-Europe Internet Blitz		2003.11.09			66	1-0	4.1	playchess.com INT		Sutovsky,E	2646		twic472.pgn	B01
Bacrot,E	2664	2003.11.09	C41	ch-Europe Internet Blitz		2003.11.09			91	0-1	4.1	playchess.com INT		Adams,Mi	2725		twic472.pgn	C41
Sutovsky,E	2646	2003.11.09	B22	ch-Europe Internet Blitz		2003.11.09			63	1/2-1/2	4.2	playchess.com INT		Vlassov,N	2466		twic472.pgn	B22
Adams,Mi	2725	2003.11.09	E15	ch-Europe Internet Blitz		2003.11.09			63	1/2-1/2	4.2	playchess.com INT		Bacrot,E	2664		twic472.pgn	E15
Vlassov,N	2466	2003.11.09	B01	ch-Europe Internet Blitz		2003.11.09			66	1/2-1/2	4.3	playchess.com INT		Sutovsky,E	2646		twic472.pgn	B01
Bacrot,E	2664	2003.11.09	C41	ch-Europe Internet Blitz		2003.11.09			154	1-0	4.3	playchess.com INT		Adams,Mi	2725		twic472.pgn	C41
Sutovsky,E	2646	2003.11.09	B22	ch-Europe Internet Blitz		2003.11.09			63	0-1	4.4	playchess.com INT		Vlassov,N	2466		twic472.pgn	B22
Adams,Mi	2725	2003.11.09	A46	ch-Europe Internet Blitz		2003.11.09			26	1/2-1/2	4.4	playchess.com INT		Bacrot,E	2664		twic472.pgn	A46
Vlassov,N	2466	2003.11.09	B00	ch-Europe Internet Blitz		2003.11.09			44	1/2-1/2	4.5	playchess.com INT		Sutovsky,E	2646		twic472.pgn	B00
Bacrot,E	2664	2003.11.09	C77	ch-Europe Internet Blitz		2003.11.09			97	0-1	4.5	playchess.com INT		Adams,Mi	2725		twic472.pgn	C65
Adams,Mi	2725	2003.11.09	C88	ch-Europe Internet Blitz		2003.11.09			128	1-0	4.6	playchess.com INT		Bacrot,E	2664		twic472.pgn	C88
Sutovsky,E	2646	2003.11.09	A29	ch-Europe Internet Blitz		2003.11.09			73	1/2-1/2	5.1	playchess.com INT		Bacrot,E	2664		twic472.pgn	A29
Bacrot,E	2664	2003.11.09	C41	ch-Europe Internet Blitz		2003.11.09			80	1-0	5.2	playchess.com INT		Sutovsky,E	2646		twic472.pgn	C41
Sutovsky,E	2646	2003.11.09	A29	ch-Europe Internet Blitz		2003.11.09			87	0-1	5.3	playchess.com INT		Bacrot,E	2664		twic472.pgn	A29
Bacrot,E	2664	2003.11.09	C41	ch-Europe Internet Blitz		2003.11.09			85	0-1	5.4	playchess.com INT		Sutovsky,E	2646		twic472.pgn	C41
Sutovsky,E	2646	2003.11.09	E60	ch-Europe Internet Blitz		2003.11.09			65	0-1	5.5	playchess.com INT		Bacrot,E	2664		twic472.pgn	A15
Fierro Baquero,M	2312	2003.11.04	B01	80th NY Masters		2003.11.05			87	0-1	1	New York USA		Ross,L	2120		twic472.pgn	B01
Hoffmann,As	2307	2003.11.04	B07	80th NY Masters		2003.11.05			145	1/2-1/2	2	New York USA		Becerra Rivero,J	2558		twic472.pgn	B07
Hoffmann,As	2307	2003.11.04	B07	80th NY Masters		2003.11.05			96	1/2-1/2	3	New York USA		Bonin,J	2339		twic472.pgn	B07
Wojtkiewicz,A	2571	2003.11.04	B52	80th NY Masters		2003.11.05			31	1/2-1/2	4	New York USA		Becerra Rivero,J	2558		twic472.pgn	B52
Ehlvest,J	2602	2003.11.11	B83	81st NY Masters		2003.11.11			58	1-0	1	New York USA		Shahade,J	2342		twic472.pgn	B83
Blatny,P	2494	2003.11.11	A04	81st NY Masters		2003.11.11			98	1-0	2	New York USA		Wojtkiewicz,A	2571		twic472.pgn	A04
Becerra Rivero,J	2558	2003.11.11	B15	81st NY Masters		2003.11.11			117	1/2-1/2	3	New York USA		Nakamura,H	2565		twic472.pgn	B06
Yudasin,L	2569	2003.11.11	A34	81st NY Masters		2003.11.11			93	0-1	4	New York USA		Ehlvest,J	2602		twic472.pgn	A34
Caruana,F	2137	2003.11.18	B33	82nd NY Masters		2003.11.18			60	1-0	1	New York USA		Pruess,D	2383		twic472.pgn	B33
Blatny,P	2494	2003.11.18	B00	82nd NY Masters		2003.11.18			75	0-1	2	New York USA		Esserman,M	2276		twic472.pgn	B00
Becerra Rivero,J	2558	2003.11.18	B50	82nd NY Masters		2003.11.18			222	1-0	3	New York USA		Yudasin,L	2569		twic472.pgn	B50
Pruess,D	2383	2003.11.18	C13	82nd NY Masters		2003.11.18			67	0-1	4	New York USA		Becerra Rivero,J	2558		twic472.pgn	C13
Gokhale,A	2217	2003.11.09	C54	ch-IND A Women		2003.11.09			99	0-1	1	Calicut IND		Thipsay,B	2249		twic472.pgn	C53
Sachdev,T	2218	2003.11.09	B80	ch-IND A Women		2003.11.09			99	0-1	1	Calicut IND		Saheli,N	2127		twic472.pgn	B43
Harika,D	2353	2003.11.09	B23	ch-IND A Women		2003.11.09			73	0-1	1	Calicut IND		Meera,S	2160		twic472.pgn	B23
Vijayalakshmi,S	2426	2003.11.09	D13	ch-IND A Women		2003.11.09			12	1/2-1/2	1	Calicut IND		Meenakshi,S	2288		twic472.pgn	D13
Swathi,G	2309	2003.11.09	D12	ch-IND A Women		2003.11.09			56	1-0	1	Calicut IND		Koneru,H	2485		twic472.pgn	D12
Krutika,N	2150	2003.11.09	A45	ch-IND A Women		2003.11.09			52	1-0	1	Calicut IND		Koneru,C	2139		twic472.pgn	A45
Mohota,N	2299	2003.11.09	A14	ch-IND A Women		2003.11.09			89	0-1	1	Calicut IND		Rajalakshmi,C	2092		twic472.pgn	A14
Sangeetha,M	2140	2003.11.09	B06	ch-IND A Women		2003.11.09			69	1/2-1/2	1	Calicut IND		Pratibha,Y	2231		twic472.pgn	B06
Ramaswamy,A	2322	2003.11.09	E66	ch-IND A Women		2003.11.09			65	0-1	1	Calicut IND		Karavade,E	2211		twic472.pgn	E63
Swathi,G	2309	2003.11.14	D12	ch-IND A Women		2003.11.09			70	1-0	9	Calicut IND		Gokhale,A	2217		twic472.pgn	D12
Sachdev,T	2218	2003.11.14	A03	ch-IND A Women		2003.11.09			44	1/2-1/2	9	Calicut IND		Rajalakshmi,C	2092		twic472.pgn	A03
Meenakshi,S	2288	2003.11.14	D78	ch-IND A Women		2003.11.09			103	1/2-1/2	9	Calicut IND		Karavade,E	2211		twic472.pgn	A04
Krutika,N	2150	2003.11.14	C78	ch-IND A Women		2003.11.09			157	0-1	9	Calicut IND		Ramaswamy,A	2322		twic472.pgn	C78
Koneru,C	2139	2003.11.14	B96	ch-IND A Women		2003.11.09			140	1/2-1/2	9	Calicut IND		Pratibha,Y	2231		twic472.pgn	B94
Vijayalakshmi,S	2426	2003.11.14	D41	ch-IND A Women		2003.11.09			89	0-1	9	Calicut IND		Harika,D	2353		twic472.pgn	D41
Koneru,H	2485	2003.11.14	B23	ch-IND A Women		2003.11.09			85	0-1	9	Calicut IND		Meera,S	2160		twic472.pgn	B23
Saheli,N	2127	2003.11.14	B06	ch-IND A Women		2003.11.09			84	1-0	9	Calicut IND		Thipsay,B	2249		twic472.pgn	B06
Mohota,N	2299	2003.11.14	D02	ch-IND A Women		2003.11.09			81	1/2-1/2	9	Calicut IND		Sangeetha,M	2140		twic472.pgn	D02
Swathi,G	2309	2003.11.17	D17	ch-IND A Women		2003.11.09			57	1/2-1/2	13	Calicut IND		Mohota,N	2299		twic472.pgn	D17
Koneru,C	2139	2003.11.17	E93	ch-IND A Women		2003.11.09			68	1-0	13	Calicut IND		Gokhale,A	2217		twic472.pgn	E91
Koneru,H	2485	2003.11.17	B07	ch-IND A Women		2003.11.09			97	0-1	13	Calicut IND		Ramaswamy,A	2322		twic472.pgn	B07
Sachdev,T	2218	2003.11.17	A11	ch-IND A Women		2003.11.09			40	1/2-1/2	13	Calicut IND		Karavade,E	2211		twic472.pgn	A07
Vijayalakshmi,S	2426	2003.11.17	C84	ch-IND A Women		2003.11.09			139	0-1	13	Calicut IND		Krutika,N	2150		twic472.pgn	C84
Rajalakshmi,C	2092	2003.11.17	B14	ch-IND A Women		2003.11.09			122	1-0	13	Calicut IND		Thipsay,B	2249		twic472.pgn	B14
Saheli,N	2127	2003.11.17	C44	ch-IND A Women		2003.11.09			68	1/2-1/2	13	Calicut IND		Sangeetha,M	2140		twic472.pgn	C20
Pratibha,Y	2231	2003.11.17	C11	ch-IND A Women		2003.11.09			120	1-0	13	Calicut IND		Meera,S	2160		twic472.pgn	C11
Meenakshi,S	2288	2003.11.17	D90	ch-IND A Women		2003.11.09			95	1/2-1/2	13	Calicut IND		Harika,D	2353		twic472.pgn	D15
Ramaswamy,A	2322	2003.11.17	E35	ch-IND A Women		2003.11.09			65	1/2-1/2	14	Calicut IND		Meenakshi,S	2288		twic472.pgn	E35
Harika,D	2353	2003.11.17	A45	ch-IND A Women		2003.11.09			129	0-1	14	Calicut IND		Koneru,C	2139		twic472.pgn	A45
Vijayalakshmi,S	2426	2003.11.17	D32	ch-IND A Women		2003.11.09			49	0-1	14	Calicut IND		Sachdev,T	2218		twic472.pgn	D32
Mohota,N	2299	2003.11.17	B03	ch-IND A Women		2003.11.09			33	1/2-1/2	14	Calicut IND		Saheli,N	2127		twic472.pgn	B03
Sangeetha,M	2140	2003.11.17	E18	ch-IND A Women		2003.11.09			96	1-0	14	Calicut IND		Koneru,H	2485		twic472.pgn	E16
Krutika,N	2150	2003.11.17	C78	ch-IND A Women		2003.11.09			54	1-0	14	Calicut IND		Swathi,G	2309		twic472.pgn	C78
Thipsay,B	2249	2003.11.17	B15	ch-IND A Women		2003.11.09			111	0-1	14	Calicut IND		Pratibha,Y	2231		twic472.pgn	B15
Gokhale,A	2217	2003.11.17	A16	ch-IND A Women		2003.11.09			77	0-1	14	Calicut IND		Rajalakshmi,C	2092		twic472.pgn	A16
Meera,S	2160	2003.11.17	A39	ch-IND A Women		2003.11.09			113	1/2-1/2	14	Calicut IND		Karavade,E	2211		twic472.pgn	A39
Meenakshi,S	2288	2003.11.18	A08	ch-IND A Women		2003.11.09			63	0-1	15	Calicut IND		Sangeetha,M	2140		twic472.pgn	A05
Saheli,N	2127	2003.11.18	C45	ch-IND A Women		2003.11.09			160	1-0	15	Calicut IND		Krutika,N	2150		twic472.pgn	C45
Sachdev,T	2218	2003.11.18	B23	ch-IND A Women		2003.11.09			59	0-1	15	Calicut IND		Meera,S	2160		twic472.pgn	B23
Koneru,C	2139	2003.11.18	B90	ch-IND A Women		2003.11.09			58	1-0	15	Calicut IND		Ramaswamy,A	2322		twic472.pgn	B90
Swathi,G	2309	2003.11.18	A35	ch-IND A Women		2003.11.09			130	1-0	15	Calicut IND		Vijayalakshmi,S	2426		twic472.pgn	A35
Koneru,H	2485	2003.11.18	E92	ch-IND A Women		2003.11.09			91	0-1	15	Calicut IND		Mohota,N	2299		twic472.pgn	A56
Rajalakshmi,C	2092	2003.11.18	D17	ch-IND A Women		2003.11.09			56	1-0	15	Calicut IND		Harika,D	2353		twic472.pgn	D17
Pratibha,Y	2231	2003.11.18	A81	ch-IND A Women		2003.11.09			134	1/2-1/2	15	Calicut IND		Gokhale,A	2217		twic472.pgn	A40
Karavade,E	2211	2003.11.18	B23	ch-IND A Women		2003.11.09			84	1/2-1/2	15	Calicut IND		Thipsay,B	2249		twic472.pgn	B23
Krutika,N	2150	2003.11.19	E60	ch-IND A Women		2003.11.09			48	1-0	16	Calicut IND		Koneru,H	2485		twic472.pgn	E60
Ramaswamy,A	2322	2003.11.19	A16	ch-IND A Women		2003.11.09			86	1-0	16	Calicut IND		Rajalakshmi,C	2092		twic472.pgn	A16
Swathi,G	2309	2003.11.19	C90	ch-IND A Women		2003.11.09			94	1-0	16	Calicut IND		Sachdev,T	2218		twic472.pgn	C55
Gokhale,A	2217	2003.11.19	A16	ch-IND A Women		2003.11.09			26	1/2-1/2	16	Calicut IND		Karavade,E	2211		twic472.pgn	A05
Harika,D	2353	2003.11.19	B33	ch-IND A Women		2003.11.09			41	1/2-1/2	16	Calicut IND		Pratibha,Y	2231		twic472.pgn	B33
Sangeetha,M	2140	2003.11.19	A45	ch-IND A Women		2003.11.09			168	0-1	16	Calicut IND		Koneru,C	2139		twic472.pgn	A45
Thipsay,B	2249	2003.11.19	B01	ch-IND A Women		2003.11.09			41	0-1	16	Calicut IND		Meera,S	2160		twic472.pgn	B01
Vijayalakshmi,S	2426	2003.11.19	C69	ch-IND A Women		2003.11.09			91	0-1	16	Calicut IND		Saheli,N	2127		twic472.pgn	C69
Mohota,N	2299	2003.11.19	D36	ch-IND A Women		2003.11.09			135	0-1	16	Calicut IND		Meenakshi,S	2288		twic472.pgn	D31
Sachdev,T	2218	2003.11.20	B49	ch-IND A Women		2003.11.09			36	1/2-1/2	17	Calicut IND		Thipsay,B	2249		twic472.pgn	B43
Karavade,E	2211	2003.11.20	E61	ch-IND A Women		2003.11.09			29	1/2-1/2	17	Calicut IND		Harika,D	2353		twic472.pgn	E60
Meera,S	2160	2003.11.20	A53	ch-IND A Women		2003.11.09			6	1/2-1/2	17	Calicut IND		Gokhale,A	2217		twic472.pgn	A53
Koneru,C	2139	2003.11.20	E81	ch-IND A Women		2003.11.09			18	1/2-1/2	17	Calicut IND		Mohota,N	2299		twic472.pgn	E81
Meenakshi,S	2288	2003.11.20	B06	ch-IND A Women		2003.11.09			17	1/2-1/2	17	Calicut IND		Krutika,N	2150		twic472.pgn	B06
Rajalakshmi,C	2092	2003.11.20	A30	ch-IND A Women		2003.11.09			9	1/2-1/2	17	Calicut IND		Sangeetha,M	2140		twic472.pgn	A05
Saheli,N	2127	2003.11.20	C82	ch-IND A Women		2003.11.09			92	1-0	17	Calicut IND		Swathi,G	2309		twic472.pgn	C82
Koneru,H	2485	2003.11.20	E68	ch-IND A Women		2003.11.09			15	1/2-1/2	17	Calicut IND		Vijayalakshmi,S	2426		twic472.pgn	E68
Pratibha,Y	2231	2003.11.20	C07	ch-IND A Women		2003.11.09			21	1/2-1/2	17	Calicut IND		Ramaswamy,A	2322		twic472.pgn	C07
Jones,G	2364	2003.11.17	B31	IX It		2003.11.08			34	1-0	4	Montecatini Terme ITA		Mrdja,M	2387		twic472.pgn	B27
Luconi,C	2254	2003.10.28	B17	ch-City		2003.10.28			89	0-1	1	Mendoza ARG		Elias,Leonardo	0		twic472.pgn	B17
Cortegoso,Martin	0	2003.10.28	A21	ch-City		2003.10.28			40	1-0	1	Mendoza ARG		Gatti,J	2046		twic472.pgn	A10
Salguero,F	0	2003.10.28	B33	ch-City		2003.10.28			47	0-1	1	Mendoza ARG		Needleman,G	2195		twic472.pgn	B33
Elias,Leonardo	0	2003.10.30	A55	ch-City		2003.10.28			154	1-0	2	Mendoza ARG		Salguero,F	0		twic472.pgn	A55
Luconi,C	2254	2003.10.30	D11	ch-City		2003.10.28			103	0-1	2	Mendoza ARG		Cortegoso,Martin	0		twic472.pgn	D02
Needleman,G	2195	2003.10.30	E67	ch-City		2003.10.28			94	1/2-1/2	2	Mendoza ARG		Gatti,J	2046		twic472.pgn	E67
Gatti,J	2046	2003.11.04	B50	ch-City		2003.10.28			90	1-0	3	Mendoza ARG		Elias,Leonardo	0		twic472.pgn	B50
Salguero,F	0	2003.11.04	A46	ch-City		2003.10.28			48	1-0	3	Mendoza ARG		Luconi,C	2254		twic472.pgn	A46
Cortegoso,Martin	0	2003.11.04	B08	ch-City		2003.10.28			96	1-0	3	Mendoza ARG		Needleman,G	2195		twic472.pgn	B08
Salguero,F	0	2003.11.06	B45	ch-City		2003.10.28			101	0-1	4	Mendoza ARG		Cortegoso,Martin	0		twic472.pgn	B40
Luconi,C	2254	2003.11.06	A15	ch-City		2003.10.28			69	1/2-1/2	4	Mendoza ARG		Gatti,J	2046		twic472.pgn	A15
Elias,Leonardo	0	2003.11.06	B98	ch-City		2003.10.28			38	1-0	4	Mendoza ARG		Needleman,G	2195		twic472.pgn	B98
Gatti,J	2046	2003.11.10	D36	ch-City		2003.10.28			214	1-0	5	Mendoza ARG		Salguero,F	0		twic472.pgn	D30
Needleman,G	2195	2003.11.10	A48	ch-City		2003.10.28			84	1-0	5	Mendoza ARG		Luconi,C	2254		twic472.pgn	A48
Cortegoso,Martin	0	2003.11.10	C01	ch-City		2003.10.28			70	1-0	5	Mendoza ARG		Elias,Leonardo	0		twic472.pgn	C01
Elias,Leonardo	0	2003.11.11	A46	ch-City		2003.10.28			60	1-0	6	Mendoza ARG		Luconi,C	2254		twic472.pgn	A46
Gatti,J	2046	2003.11.11	B70	ch-City		2003.10.28			77	0-1	6	Mendoza ARG		Cortegoso,Martin	0		twic472.pgn	B70
Needleman,G	2195	2003.11.11	E97	ch-City		2003.10.28			64	1-0	6	Mendoza ARG		Salguero,F	0		twic472.pgn	E97
Gatti,J	2046	2003.11.14	B70	ch-City		2003.10.28			59	0-1	7	Mendoza ARG		Needleman,G	2195		twic472.pgn	B70
Salguero,F	0	2003.11.14	C36	ch-City		2003.10.28			115	0-1	7	Mendoza ARG		Elias,Leonardo	0		twic472.pgn	C36
Cortegoso,Martin	0	2003.11.14	A46	ch-City		2003.10.28			116	1-0	7	Mendoza ARG		Luconi,C	2254		twic472.pgn	A46
Needleman,G	2195	2003.11.15	A46	ch-City		2003.10.28			47	1/2-1/2	8	Mendoza ARG		Cortegoso,Martin	0		twic472.pgn	A46
Elias,Leonardo	0	2003.11.15	A46	ch-City		2003.10.28			106	1-0	8	Mendoza ARG		Gatti,J	2046		twic472.pgn	A46
Luconi,C	2254	2003.11.15	D44	ch-City		2003.10.28			95	1/2-1/2	8	Mendoza ARG		Salguero,F	0		twic472.pgn	D44
Needleman,G	2195	2003.11.18	B40	ch-City		2003.10.28			102	1-0	9	Mendoza ARG		Elias,Leonardo	0		twic472.pgn	B40
Gatti,J	2046	2003.11.18	A43	ch-City		2003.10.28			66	1-0	9	Mendoza ARG		Luconi,C	2254		twic472.pgn	A43
Cortegoso,Martin	0	2003.11.18	D53	ch-City		2003.10.28			62	1-0	9	Mendoza ARG		Salguero,F	0		twic472.pgn	A46
Salguero,F	0	2003.11.20	A24	ch-City		2003.10.28			111	0-1	10	Mendoza ARG		Gatti,J	2046		twic472.pgn	A10
Luconi,C	2254	2003.11.20	B18	ch-City		2003.10.28			46	1/2-1/2	10	Mendoza ARG		Needleman,G	2195		twic472.pgn	B18
Jurkovic,A	2317	2003.11.02	C41	Autumn		2003.10.30			84	1-0	5	Venice ITA		Groszpeter,A	2497		twic472.pgn	C41
SHREDDER	0	2003.11.22	B23	11th WCCC		2003.11.22			63	0-1	1	Graz AUT		LIST	0		twic472.pgn	B23
JONNY 2.51	0	2003.11.22	E20	11th WCCC		2003.11.22			141	0-1	1	Graz AUT		CHINITO	0		twic472.pgn	E20
RUY LOPEZ	0	2003.11.22	C96	11th WCCC		2003.11.22			123	0-1	1	Graz AUT		DEEP JUNIOR	0		twic472.pgn	C96
QUARK	0	2003.11.22	D36	11th WCCC		2003.11.22			186	1-0	1	Graz AUT		DIEP	0		twic472.pgn	D35
BRUTUS P I.XII	0	2003.11.22	A28	11th WCCC		2003.11.22			111	0-1	1	Graz AUT		GREEN LIGHT	0		twic472.pgn	A28
DEEP SJENG	0	2003.11.22	B78	11th WCCC		2003.11.22			148	0-1	1	Graz AUT		HOSSA v1.159	0		twic472.pgn	B78
FALCON	0	2003.11.22	E66	11th WCCC		2003.11.22			81	1-0	1	Graz AUT		FRITZ	0		twic472.pgn	E63
PARSOS	0	2003.11.22	B01	11th WCCC		2003.11.22			111	1/2-1/2	1	Graz AUT		NEXUS	0		twic472.pgn	B01
LIST	0	2003.11.23	B78	11th WCCC		2003.11.22			111	0-1	2	Graz AUT		QUARK	0		twic472.pgn	B77
DEEP JUNIOR	0	2003.11.23	E92	11th WCCC		2003.11.22			136	0-1	2	Graz AUT		PARSOS	0		twic472.pgn	E92
NEXUS	0	2003.11.23	D18	11th WCCC		2003.11.22			105	1/2-1/2	2	Graz AUT		JONNY 2.51	0		twic472.pgn	D19
DIEP	0	2003.11.23	B96	11th WCCC		2003.11.22			136	1-0	2	Graz AUT		SHREDDER	0		twic472.pgn	B96
CHINITO	0	2003.11.23	D18	11th WCCC		2003.11.22			119	1-0	2	Graz AUT		GREEN LIGHT	0		twic472.pgn	D19
HOSSA v1.159	0	2003.11.23	D36	11th WCCC		2003.11.22			92	1-0	2	Graz AUT		FALCON	0		twic472.pgn	D35
FRITZ	0	2003.11.23	B99	11th WCCC		2003.11.22			89	0-1	2	Graz AUT		DEEP SJENG	0		twic472.pgn	B99
RUY LOPEZ	0	2003.11.23	C96	11th WCCC		2003.11.22			80	1-0	2	Graz AUT		BRUTUS P I.XII	0		twic472.pgn	C96
PARSOS	0	2003.11.23	B07	11th WCCC		2003.11.22			101	1-0	3	Graz AUT		CHINITO	0		twic472.pgn	B07
LIST	0	2003.11.23	B76	11th WCCC		2003.11.22			159	1-0	3	Graz AUT		DEEP JUNIOR	0		twic472.pgn	B76
FALCON	0	2003.11.23	D10	11th WCCC		2003.11.22			139	1/2-1/2	3	Graz AUT		DIEP	0		twic472.pgn	D10
QUARK	0	2003.11.23	C54	11th WCCC		2003.11.22			98	0-1	3	Graz AUT		HOSSA v1.159	0		twic472.pgn	C53
BRUTUS P I.XII	0	2003.11.23	D30	11th WCCC		2003.11.22			69	0-1	3	Graz AUT		JONNY 2.51	0		twic472.pgn	D02
DEEP SJENG	0	2003.11.23	B52	11th WCCC		2003.11.22			112	0-1	3	Graz AUT		NEXUS	0		twic472.pgn	B52
SHREDDER	0	2003.11.23	D41	11th WCCC		2003.11.22			158	1-0	3	Graz AUT		FRITZ	0		twic472.pgn	A14
GREEN LIGHT	0	2003.11.23	D47	11th WCCC		2003.11.22			98	0-1	3	Graz AUT		RUY LOPEZ	0		twic472.pgn	D47
Mazi,L	2422	2003.11.17	A54	TCh-SLO		2003.11.17			52	1/2-1/2	1	Celje SLO		Zaja,I	2427		twic472.pgn	A54
Ribli,Z	2593	2003.11.17	B85	TCh-SLO		2003.11.17			45	1-0	1	Celje SLO		Pavlovic,Mi	2593		twic472.pgn	B47
Kosanski,S	2373	2003.11.17	E92	TCh-SLO		2003.11.17			66	1-0	1	Celje SLO		Hulak,K	2557		twic472.pgn	A41
Zupe,M	2367	2003.11.17	D04	TCh-SLO		2003.11.17			37	1/2-1/2	1	Celje SLO		Stucl,B	2336		twic472.pgn	D02
Pesec,F	2205	2003.11.17	E67	TCh-SLO		2003.11.17			104	1/2-1/2	1	Celje SLO		Gruskovnjak,T	2336		twic472.pgn	A49
Cigan,S	2321	2003.11.17	B31	TCh-SLO		2003.11.17			50	0-1	1	Celje SLO		Prislan,Tine	0		twic472.pgn	B31
Pinter,A	2079	2003.11.17	C89	TCh-SLO		2003.11.17			40	1-0	1	Celje SLO		Kovac,B	2294		twic472.pgn	C89
Stevic,H	2555	2003.11.17	D27	TCh-SLO		2003.11.17			37	1/2-1/2	1	Celje SLO		Cvitan,O	2516		twic472.pgn	D27
Borisek,J	2445	2003.11.17	D73	TCh-SLO		2003.11.17			54	1-0	1	Celje SLO		Sebenik,M	2430		twic472.pgn	E60
Gostisa,L	2420	2003.11.17	B44	TCh-SLO		2003.11.17			61	1/2-1/2	1	Celje SLO		Grosar,A	2451		twic472.pgn	B44
Srebrnic,M	2224	2003.11.17	B30	TCh-SLO		2003.11.17			95	1/2-1/2	1	Celje SLO		Justin,M	2379		twic472.pgn	B30
Praznik,N	2276	2003.11.17	A03	TCh-SLO		2003.11.17			121	1/2-1/2	1	Celje SLO		Srebrnic,V	2272		twic472.pgn	A03
Karer,G	2119	2003.11.17	C02	TCh-SLO		2003.11.17			66	1-0	1	Celje SLO		Jeric,S	2290		twic472.pgn	C02
Ruck,R	2551	2003.11.17	D87	TCh-SLO		2003.11.17			65	1/2-1/2	1	Celje SLO		Cebalo,M	2486		twic472.pgn	D86
Krumpacnik,D	2364	2003.11.17	B24	TCh-SLO		2003.11.17			123	1/2-1/2	1	Celje SLO		Rogulj,B	2411		twic472.pgn	B24
Velickovic,Z	2384	2003.11.17	B78	TCh-SLO		2003.11.17			111	0-1	1	Celje SLO		Vombek,D	2326		twic472.pgn	B78
Ivacic,V	2243	2003.11.17	D97	TCh-SLO		2003.11.17			92	1-0	1	Celje SLO		Serdt,S	2228		twic472.pgn	D97
Stavanja,M	2241	2003.11.17	B56	TCh-SLO		2003.11.17			41	0-1	1	Celje SLO		Zorko,Jo	2121		twic472.pgn	B56
Palac,M	2534	2003.11.17	D02	TCh-SLO		2003.11.17			53	0-1	1	Celje SLO		Nikolic,Pr	2647		twic472.pgn	A46
Sermek,D	2568	2003.11.17	B22	TCh-SLO		2003.11.17			72	1/2-1/2	1	Celje SLO		Mikac,M	2358		twic472.pgn	B22
Crepan,M	2286	2003.11.17	A11	TCh-SLO		2003.11.17			55	1-0	1	Celje SLO		Dizdar,G	2530		twic472.pgn	A05
Mestrovic,Z	2397	2003.11.17	B00	TCh-SLO		2003.11.17			71	0-1	1	Celje SLO		Supancic,D	2377		twic472.pgn	A04
Dizdar,S	2351	2003.11.17	B42	TCh-SLO		2003.11.17			60	1-0	1	Celje SLO		Kastelic,M	2300		twic472.pgn	B42
Kos,T	2361	2003.11.17	B00	TCh-SLO		2003.11.17			76	1-0	1	Celje SLO		Simic,Draga SLO	2305		twic472.pgn	B00
Farago,I	2485	2003.11.17	A34	TCh-SLO		2003.11.17			22	1/2-1/2	1	Celje SLO		Mohr,G	2465		twic472.pgn	A15
Jelen,Ig	2374	2003.11.17	B33	TCh-SLO		2003.11.17			72	1-0	1	Celje SLO		Sakelsek,T	2339		twic472.pgn	B33
Barle,J	2370	2003.11.17	A21	TCh-SLO		2003.11.17			87	0-1	1	Celje SLO		Tratar,M	2452		twic472.pgn	A04
Pavasovic,D	2586	2003.11.17	C43	TCh-SLO		2003.11.17			60	1/2-1/2	1	Celje SLO		Mikhalchishin,A	2522		twic472.pgn	C43
Sax,G	2520	2003.11.17	B22	TCh-SLO		2003.11.17			70	1/2-1/2	1	Celje SLO		Sveshnikov,E	2557		twic472.pgn	B22
Kozul,Z	2597	2003.11.17	E94	TCh-SLO		2003.11.17			90	1/2-1/2	1	Celje SLO		Beliavsky,A	2667		twic472.pgn	E94
Palac,M	2534	2003.11.17	A33	TCh-SLO		2003.11.17			35	1/2-1/2	2	Celje SLO		Ribli,Z	2593		twic472.pgn	A33
Hulak,K	2557	2003.11.17	B22	TCh-SLO		2003.11.17			52	1/2-1/2	2	Celje SLO		Mikac,M	2358		twic472.pgn	B22
Crepan,M	2286	2003.11.17	D11	TCh-SLO		2003.11.17			18	1/2-1/2	2	Celje SLO		Zupe,M	2367		twic472.pgn	D11
Gruskovnjak,T	2336	2003.11.17	A11	TCh-SLO		2003.11.17			93	1/2-1/2	2	Celje SLO		Supancic,D	2377		twic472.pgn	A05
Dizdar,S	2351	2003.11.17	C06	TCh-SLO		2003.11.17			114	1-0	2	Celje SLO		Cigan,S	2321		twic472.pgn	C06
Kovac,B	2294	2003.11.17	B81	TCh-SLO		2003.11.17			82	1/2-1/2	2	Celje SLO		Simic,Draga SLO	2305		twic472.pgn	B81
Nikolic,Pr	2647	2003.11.17	D10	TCh-SLO		2003.11.17			79	0-1	2	Celje SLO		Kozul,Z	2597		twic472.pgn	D10
Mikhalchishin,A	2522	2003.11.17	C43	TCh-SLO		2003.11.17			29	1/2-1/2	2	Celje SLO		Sermek,D	2568		twic472.pgn	C43
Dizdar,G	2530	2003.11.17	C11	TCh-SLO		2003.11.17			35	1/2-1/2	2	Celje SLO		Sax,G	2520		twic472.pgn	C11
Mohr,G	2465	2003.11.17	D01	TCh-SLO		2003.11.17			24	1/2-1/2	2	Celje SLO		Mestrovic,Z	2397		twic472.pgn	D01
Kastelic,M	2300	2003.11.17	B23	TCh-SLO		2003.11.17			80	1-0	2	Celje SLO		Barle,J	2370		twic472.pgn	B23
Sakelsek,T	2339	2003.11.17	B30	TCh-SLO		2003.11.17			32	1/2-1/2	2	Celje SLO		Kos,T	2361		twic472.pgn	B23
Beliavsky,A	2667	2003.11.17	D37	TCh-SLO		2003.11.17			73	1/2-1/2	2	Celje SLO		Ruck,R	2551		twic472.pgn	D37
Zaja,I	2427	2003.11.17	C45	TCh-SLO		2003.11.17			89	1-0	2	Celje SLO		Pavasovic,D	2586		twic472.pgn	C45
Sveshnikov,E	2557	2003.11.17	D35	TCh-SLO		2003.11.17			52	0-1	2	Celje SLO		Krumpacnik,D	2364		twic472.pgn	D43
Vombek,D	2326	2003.11.17	E70	TCh-SLO		2003.11.17			65	0-1	2	Celje SLO		Farago,I	2485		twic472.pgn	E70
Tratar,M	2452	2003.11.17	A10	TCh-SLO		2003.11.17			91	0-1	2	Celje SLO		Ivacic,V	2243		twic472.pgn	A10
Zorko,Jo	2121	2003.11.17	A58	TCh-SLO		2003.11.17			66	1-0	2	Celje SLO		Jelen,Ig	2374		twic472.pgn	A58
Cebalo,M	2486	2003.11.17	C02	TCh-SLO		2003.11.17			27	1/2-1/2	2	Celje SLO		Stevic,H	2555		twic472.pgn	C02
Sebenik,M	2430	2003.11.17	B33	TCh-SLO		2003.11.17			61	1/2-1/2	2	Celje SLO		Mazi,L	2422		twic472.pgn	B33
Rogulj,B	2411	2003.11.17	A65	TCh-SLO		2003.11.17			24	1-0	2	Celje SLO		Gostisa,L	2420		twic472.pgn	A65
Praznik,N	2276	2003.11.17	A55	TCh-SLO		2003.11.17			175	1/2-1/2	2	Celje SLO		Velickovic,Z	2384		twic472.pgn	A05
Serdt,S	2228	2003.11.17	B22	TCh-SLO		2003.11.17			66	1-0	2	Celje SLO		Jeric,S	2290		twic472.pgn	B22
Cander,M	2263	2003.11.17	B02	TCh-SLO		2003.11.17			140	1/2-1/2	2	Celje SLO		Stavanja,M	2241		twic472.pgn	B02
Cvitan,O	2516	2003.11.17	D02	TCh-SLO		2003.11.17			24	1/2-1/2	2	Celje SLO		Pavlovic,Mi	2593		twic472.pgn	A07
Kosanski,S	2373	2003.11.17	B38	TCh-SLO		2003.11.17			75	1-0	2	Celje SLO		Borisek,J	2445		twic472.pgn	B28
Grosar,A	2451	2003.11.17	E63	TCh-SLO		2003.11.17			65	0-1	2	Celje SLO		Stucl,B	2336		twic472.pgn	E63
Pesec,F	2205	2003.11.17	C27	TCh-SLO		2003.11.17			26	1/2-1/2	2	Celje SLO		Srebrnic,M	2224		twic472.pgn	C27
Srebrnic,V	2272	2003.11.17	B07	TCh-SLO		2003.11.17			46	1-0	2	Celje SLO		Djurkovic,M	2157		twic472.pgn	B07
Jazbec,Mladen	0	2003.11.17	B25	TCh-SLO		2003.11.17			78	1-0	2	Celje SLO		Karer,G	2119		twic472.pgn	B20
Ribli,Z	2593	2003.11.18	E05	TCh-SLO		2003.11.17			33	1/2-1/2	3	Celje SLO		Cvitan,O	2516		twic472.pgn	E06
Borisek,J	2445	2003.11.18	D77	TCh-SLO		2003.11.17			164	1-0	3	Celje SLO		Hulak,K	2557		twic472.pgn	D77
Zupe,M	2367	2003.11.18	C45	TCh-SLO		2003.11.17			66	1/2-1/2	3	Celje SLO		Grosar,A	2451		twic472.pgn	C45
Srebrnic,M	2224	2003.11.18	B33	TCh-SLO		2003.11.17			117	1/2-1/2	3	Celje SLO		Gruskovnjak,T	2336		twic472.pgn	B33
Cigan,S	2321	2003.11.18	B20	TCh-SLO		2003.11.17			71	0-1	3	Celje SLO		Karer,G	2119		twic472.pgn	B20
Rusjan,M	2235	2003.11.18	B22	TCh-SLO		2003.11.17			185	1/2-1/2	3	Celje SLO		Gjuran,D	2251		twic472.pgn	B22
Pavasovic,D	2586	2003.11.18	D31	TCh-SLO		2003.11.17			81	0-1	3	Celje SLO		Sebenik,M	2430		twic472.pgn	D31
Jelen,Ig	2374	2003.11.18	B22	TCh-SLO		2003.11.17			38	1/2-1/2	3	Celje SLO		Jeric,S	2290		twic472.pgn	B22
Ruck,R	2551	2003.11.18	D77	TCh-SLO		2003.11.17			84	0-1	3	Celje SLO		Nikolic,Pr	2647		twic472.pgn	D77
Mestrovic,Z	2397	2003.11.18	B00	TCh-SLO		2003.11.17			29	1/2-1/2	3	Celje SLO		Vombek,D	2326		twic472.pgn	B00
Mikac,M	2358	2003.11.18	D11	TCh-SLO		2003.11.17			28	1/2-1/2	3	Celje SLO		Mikhalchishin,A	2522		twic472.pgn	D11
Sermek,D	2568	2003.11.18	D27	TCh-SLO		2003.11.17			28	1/2-1/2	3	Celje SLO		Zaja,I	2427		twic472.pgn	D27
Farago,I	2485	2003.11.18	C03	TCh-SLO		2003.11.17			41	0-1	3	Celje SLO		Justin,M	2379		twic472.pgn	C03
Gostisa,L	2420	2003.11.18	C45	TCh-SLO		2003.11.17			50	1/2-1/2	3	Celje SLO		Sveshnikov,E	2557		twic472.pgn	C45
Simic,Draga SLO	2305	2003.11.18	C07	TCh-SLO		2003.11.17			92	1-0	3	Celje SLO		Sakelsek,T	2339		twic472.pgn	C07
Stevic,H	2555	2003.11.18	B36	TCh-SLO		2003.11.17			102	1-0	3	Celje SLO		Beliavsky,A	2667		twic472.pgn	A30
Barle,J	2370	2003.11.18	D07	TCh-SLO		2003.11.17			48	0-1	3	Celje SLO		Dizdar,S	2351		twic472.pgn	D07
Krumpacnik,D	2364	2003.11.18	A47	TCh-SLO		2003.11.17			50	1-0	3	Celje SLO		Dizdar,G	2530		twic472.pgn	A46
Kirbis,M	2116	2003.11.18	C49	TCh-SLO		2003.11.17			95	1/2-1/2	3	Celje SLO		Prislan,Tine	0		twic472.pgn	C49
Mazi,L	2422	2003.11.18	B25	TCh-SLO		2003.11.17			66	1/2-1/2	3	Celje SLO		Kosanski,S	2373		twic472.pgn	B23
Kos,T	2361	2003.11.18	A16	TCh-SLO		2003.11.17			112	1/2-1/2	3	Celje SLO		Ivacic,V	2243		twic472.pgn	A16
Supancic,D	2377	2003.11.18	A35	TCh-SLO		2003.11.17			46	1-0	3	Celje SLO		Mohr,G	2465		twic472.pgn	A30
Stucl,B	2336	2003.11.18	C10	TCh-SLO		2003.11.17			91	0-1	3	Celje SLO		Rogulj,B	2411		twic472.pgn	C10
Podvrsnik,M	2207	2003.11.18	B56	TCh-SLO		2003.11.17			81	1/2-1/2	3	Celje SLO		Kastelic,M	2300		twic472.pgn	B56
Kozul,Z	2597	2003.11.18	B33	TCh-SLO		2003.11.17			73	1-0	3	Celje SLO		Palac,M	2534		twic472.pgn	B32
Serdt,S	2228	2003.11.18	B21	TCh-SLO		2003.11.17			100	1/2-1/2	3	Celje SLO		Pesec,F	2205		twic472.pgn	B21
Praznik,N	2276	2003.11.18	E90	TCh-SLO		2003.11.17			77	0-1	3	Celje SLO		Tratar,M	2452		twic472.pgn	E90
Sax,G	2520	2003.11.18	B33	TCh-SLO		2003.11.17			22	0-1	3	Celje SLO		Crepan,M	2286		twic472.pgn	B32
Djurkovic,M	2157	2003.11.18	A84	TCh-SLO		2003.11.17			145	0-1	3	Celje SLO		Virtic,Franc ml	0		twic472.pgn	A40
Pavlovic,Mi	2593	2003.11.18	D58	TCh-SLO		2003.11.17			28	1/2-1/2	3	Celje SLO		Cebalo,M	2486		twic472.pgn	D58
Kozul,Z	2597	2003.11.19	E94	TCh-SLO		2003.11.17			20	1/2-1/2	4	Celje SLO		Ribli,Z	2593		twic472.pgn	E94
Hulak,K	2557	2003.11.19	B40	TCh-SLO		2003.11.17			13	1/2-1/2	4	Celje SLO		Mikhalchishin,A	2522		twic472.pgn	B40
Sax,G	2520	2003.11.19	A37	TCh-SLO		2003.11.17			36	1/2-1/2	4	Celje SLO		Zupe,M	2367		twic472.pgn	A37
Gruskovnjak,T	2336	2003.11.19	A09	TCh-SLO		2003.11.17			66	1-0	4	Celje SLO		Mohr,G	2465		twic472.pgn	A09
Barle,J	2370	2003.11.19	A38	TCh-SLO		2003.11.17			19	1/2-1/2	4	Celje SLO		Cigan,S	2321		twic472.pgn	A38
Gjuran,D	2251	2003.11.19	B82	TCh-SLO		2003.11.17			35	1/2-1/2	4	Celje SLO		Sakelsek,T	2339		twic472.pgn	B48
Palac,M	2534	2003.11.19	A37	TCh-SLO		2003.11.17			26	1/2-1/2	4	Celje SLO		Ruck,R	2551		twic472.pgn	A37
Zaja,I	2427	2003.11.19	C54	TCh-SLO		2003.11.17			24	1/2-1/2	4	Celje SLO		Mikac,M	2358		twic472.pgn	C53
Crepan,M	2286	2003.11.19	D13	TCh-SLO		2003.11.17			78	1/2-1/2	4	Celje SLO		Krumpacnik,D	2364		twic472.pgn	A11
Vombek,D	2326	2003.11.19	B50	TCh-SLO		2003.11.17			17	1/2-1/2	4	Celje SLO		Supancic,D	2377		twic472.pgn	B50
Dizdar,S	2351	2003.11.19	A29	TCh-SLO		2003.11.17			135	0-1	4	Celje SLO		Ivacic,V	2243		twic472.pgn	A22
Mihevc,I	2220	2003.11.19	B07	TCh-SLO		2003.11.17			65	1/2-1/2	4	Celje SLO		Simic,Draga SLO	2305		twic472.pgn	A45
Nikolic,Pr	2647	2003.11.19	C02	TCh-SLO		2003.11.17			103	0-1	4	Celje SLO		Stevic,H	2555		twic472.pgn	C02
Sebenik,M	2430	2003.11.19	C06	TCh-SLO		2003.11.17			72	1-0	4	Celje SLO		Sermek,D	2568		twic472.pgn	C06
Dizdar,G	2530	2003.11.19	D38	TCh-SLO		2003.11.17			25	1/2-1/2	4	Celje SLO		Gostisa,L	2420		twic472.pgn	D38
Justin,M	2379	2003.11.19	A00	TCh-SLO		2003.11.17			84	1/2-1/2	4	Celje SLO		Mestrovic,Z	2397		twic472.pgn	A00
Kastelic,M	2300	2003.11.19	C02	TCh-SLO		2003.11.17			57	1-0	4	Celje SLO		Praznik,N	2276		twic472.pgn	C02
Jeric,S	2290	2003.11.19	B29	TCh-SLO		2003.11.17			48	1/2-1/2	4	Celje SLO		Kos,T	2361		twic472.pgn	B02
Beliavsky,A	2667	2003.11.19	E59	TCh-SLO		2003.11.17			46	0-1	4	Celje SLO		Pavlovic,Mi	2593		twic472.pgn	E59
Kosanski,S	2373	2003.11.19	B06	TCh-SLO		2003.11.17			99	1-0	4	Celje SLO		Pavasovic,D	2586		twic472.pgn	B06
Sveshnikov,E	2557	2003.11.19	B24	TCh-SLO		2003.11.17			62	0-1	4	Celje SLO		Stucl,B	2336		twic472.pgn	B24
Pesec,F	2205	2003.11.19	E97	TCh-SLO		2003.11.17			85	0-1	4	Celje SLO		Farago,I	2485		twic472.pgn	E97
Tratar,M	2452	2003.11.19	E60	TCh-SLO		2003.11.17			67	0-1	4	Celje SLO		Djurkovic,M	2157		twic472.pgn	A00
Prislan,Tine	0	2003.11.19	C45	TCh-SLO		2003.11.17			36	1-0	4	Celje SLO		Zorko,Ju	2305		twic472.pgn	C45
Cebalo,M	2486	2003.11.19	B38	TCh-SLO		2003.11.17			27	1/2-1/2	4	Celje SLO		Cvitan,O	2516		twic472.pgn	A34
Borisek,J	2445	2003.11.19	B96	TCh-SLO		2003.11.17			103	0-1	4	Celje SLO		Mazi,L	2422		twic472.pgn	B96
Rogulj,B	2411	2003.11.19	C02	TCh-SLO		2003.11.17			28	1/2-1/2	4	Celje SLO		Grosar,A	2451		twic472.pgn	C02
Srebrnic,M	2224	2003.11.19	A45	TCh-SLO		2003.11.17			53	1-0	4	Celje SLO		Serdt,S	2228		twic472.pgn	A45
Stavanja,M	2241	2003.11.19	A39	TCh-SLO		2003.11.17			81	1-0	4	Celje SLO		Srebrnic,V	2272		twic472.pgn	A39
Rusjan,M	2235	2003.11.19	A46	TCh-SLO		2003.11.17			105	1/2-1/2	4	Celje SLO		Virtic,Franc ml	0		twic472.pgn	A46
Ribli,Z	2593	2003.11.20	D39	TCh-SLO		2003.11.17			63	0-1	5	Celje SLO		Cebalo,M	2486		twic472.pgn	D37
Mazi,L	2422	2003.11.20	D29	TCh-SLO		2003.11.17			116	1/2-1/2	5	Celje SLO		Hulak,K	2557		twic472.pgn	D29
Zupe,M	2367	2003.11.20	C93	TCh-SLO		2003.11.17			77	1-0	5	Celje SLO		Rogulj,B	2411		twic472.pgn	C93
Velickovic,Z	2384	2003.11.20	B70	TCh-SLO		2003.11.17			19	1/2-1/2	5	Celje SLO		Gruskovnjak,T	2336		twic472.pgn	B70
Cigan,S	2321	2003.11.20	A45	TCh-SLO		2003.11.17			31	1/2-1/2	5	Celje SLO		Serdt,S	2228		twic472.pgn	A45
Stavanja,M	2241	2003.11.20	B22	TCh-SLO		2003.11.17			56	1-0	5	Celje SLO		Gjuran,D	2251		twic472.pgn	B22
Cvitan,O	2516	2003.11.20	E15	TCh-SLO		2003.11.17			67	1-0	5	Celje SLO		Beliavsky,A	2667		twic472.pgn	E15
Pavasovic,D	2586	2003.11.20	C41	TCh-SLO		2003.11.17			71	0-1	5	Celje SLO		Borisek,J	2445		twic472.pgn	C41
Grosar,A	2451	2003.11.20	C02	TCh-SLO		2003.11.17			66	1-0	5	Celje SLO		Sveshnikov,E	2557		twic472.pgn	C02
Farago,I	2485	2003.11.20	C19	TCh-SLO		2003.11.17			93	0-1	5	Celje SLO		Srebrnic,M	2224		twic472.pgn	C19
Srebrnic,V	2272	2003.11.20	E71	TCh-SLO		2003.11.17			137	1-0	5	Celje SLO		Tratar,M	2452		twic472.pgn	E71
Zorko,Ju	2305	2003.11.20	E39	TCh-SLO		2003.11.17			55	0-1	5	Celje SLO		Rusjan,M	2235		twic472.pgn	E32
Pavlovic,Mi	2593	2003.11.20	D47	TCh-SLO		2003.11.17			74	1/2-1/2	5	Celje SLO		Nikolic,Pr	2647		twic472.pgn	D47
Sermek,D	2568	2003.11.20	A33	TCh-SLO		2003.11.17			16	1/2-1/2	5	Celje SLO		Kosanski,S	2373		twic472.pgn	A33
Stucl,B	2336	2003.11.20	E16	TCh-SLO		2003.11.17			76	1-0	5	Celje SLO		Dizdar,G	2530		twic472.pgn	E11
Mestrovic,Z	2397	2003.11.20	B00	TCh-SLO		2003.11.17			83	0-1	5	Celje SLO		Pesec,F	2205		twic472.pgn	B00
Djurkovic,M	2157	2003.11.20	B01	TCh-SLO		2003.11.17			91	1/2-1/2	5	Celje SLO		Kastelic,M	2300		twic472.pgn	B01
Kos,T	2361	2003.11.20	B00	TCh-SLO		2003.11.17			89	0-1	5	Celje SLO		Prislan,Tine	0		twic472.pgn	B00
Stevic,H	2555	2003.11.20	C60	TCh-SLO		2003.11.17			22	1/2-1/2	5	Celje SLO		Palac,M	2534		twic472.pgn	C60
Supancic,D	2377	2003.11.20	B74	TCh-SLO		2003.11.17			80	1/2-1/2	5	Celje SLO		Justin,M	2379		twic472.pgn	B74
Simic,Draga SLO	2305	2003.11.20	C02	TCh-SLO		2003.11.17			86	1/2-1/2	5	Celje SLO		Jeric,S	2290		twic472.pgn	C02
Mikac,M	2358	2003.11.20	A11	TCh-SLO		2003.11.17			76	1-0	5	Celje SLO		Sebenik,M	2430		twic472.pgn	A09
Praznik,N	2276	2003.11.20	A42	TCh-SLO		2003.11.17			94	0-1	5	Celje SLO		Dizdar,S	2351		twic472.pgn	A42
Gostisa,L	2420	2003.11.20	B85	TCh-SLO		2003.11.17			75	0-1	5	Celje SLO		Crepan,M	2286		twic472.pgn	B47
Ruck,R	2551	2003.11.20	D97	TCh-SLO		2003.11.17			69	0-1	5	Celje SLO		Kozul,Z	2597		twic472.pgn	D97
Mikhalchishin,A	2522	2003.11.20	B14	TCh-SLO		2003.11.17			63	0-1	5	Celje SLO		Zaja,I	2427		twic472.pgn	E53
Mohr,G	2465	2003.11.20	B23	TCh-SLO		2003.11.17			24	1/2-1/2	5	Celje SLO		Vombek,D	2326		twic472.pgn	B23
Podvrsnik,M	2207	2003.11.20	B52	TCh-SLO		2003.11.17			65	1-0	5	Celje SLO		Barle,J	2370		twic472.pgn	B52
Krumpacnik,D	2364	2003.11.20	C02	TCh-SLO		2003.11.17			114	1-0	5	Celje SLO		Sax,G	2520		twic472.pgn	C02
Sakelsek,T	2339	2003.11.20	A13	TCh-SLO		2003.11.17			101	0-1	5	Celje SLO		Ivacic,V	2243		twic472.pgn	A13
Ruck,R	2551	2003.11.21	D94	TCh-SLO		2003.11.17			16	1/2-1/2	6	Celje SLO		Ribli,Z	2593		twic472.pgn	D94
Hulak,K	2557	2003.11.21	D27	TCh-SLO		2003.11.17			22	1/2-1/2	6	Celje SLO		Zaja,I	2427		twic472.pgn	D27
Krumpacnik,D	2364	2003.11.21	C10	TCh-SLO		2003.11.17			119	1/2-1/2	6	Celje SLO		Zupe,M	2367		twic472.pgn	C10
Gruskovnjak,T	2336	2003.11.21	B80	TCh-SLO		2003.11.17			44	1-0	6	Celje SLO		Vombek,D	2326		twic472.pgn	B43
Podvrsnik,M	2207	2003.11.21	B64	TCh-SLO		2003.11.17			36	0-1	6	Celje SLO		Cigan,S	2321		twic472.pgn	B64
Gjuran,D	2251	2003.11.21	B47	TCh-SLO		2003.11.17			113	0-1	6	Celje SLO		Mihevc,I	2220		twic472.pgn	B47
Dizdar,G	2530	2003.11.21	C02	TCh-SLO		2003.11.17			18	1/2-1/2	6	Celje SLO		Grosar,A	2451		twic472.pgn	C02
Nikolic,Pr	2647	2003.11.21	E12	TCh-SLO		2003.11.17			16	1/2-1/2	6	Celje SLO		Cvitan,O	2516		twic472.pgn	E12
Sebenik,M	2430	2003.11.21	B15	TCh-SLO		2003.11.17			26	1/2-1/2	6	Celje SLO		Mikhalchishin,A	2522		twic472.pgn	B06
Sax,G	2520	2003.11.21	A46	TCh-SLO		2003.11.17			36	1/2-1/2	6	Celje SLO		Gostisa,L	2420		twic472.pgn	A46
Justin,M	2379	2003.11.21	A30	TCh-SLO		2003.11.17			89	1/2-1/2	6	Celje SLO		Mohr,G	2465		twic472.pgn	A30
Barle,J	2370	2003.11.21	C41	TCh-SLO		2003.11.17			126	0-1	6	Celje SLO		Praznik,N	2276		twic472.pgn	C41
Cander,M	2263	2003.11.21	B04	TCh-SLO		2003.11.17			155	1/2-1/2	6	Celje SLO		Sakelsek,T	2339		twic472.pgn	B04
Palac,M	2534	2003.11.21	B92	TCh-SLO		2003.11.17			42	1/2-1/2	6	Celje SLO		Pavlovic,Mi	2593		twic472.pgn	B92
Kosanski,S	2373	2003.11.21	B22	TCh-SLO		2003.11.17			70	1/2-1/2	6	Celje SLO		Mikac,M	2358		twic472.pgn	B22
Crepan,M	2286	2003.11.21	D11	TCh-SLO		2003.11.17			66	0-1	6	Celje SLO		Stucl,B	2336		twic472.pgn	D11
Pesec,F	2205	2003.11.21	B07	TCh-SLO		2003.11.17			130	1-0	6	Celje SLO		Supancic,D	2377		twic472.pgn	A45
Dizdar,S	2351	2003.11.21	E04	TCh-SLO		2003.11.17			81	1-0	6	Celje SLO		Djurkovic,M	2157		twic472.pgn	A40
Turk,Karli	0	2003.11.21	B18	TCh-SLO		2003.11.17			62	1-0	6	Celje SLO		Simic,Draga SLO	2305		twic472.pgn	B18
Rusjan,M	2235	2003.11.21	B30	TCh-SLO		2003.11.17			42	1/2-1/2	6	Celje SLO		Kos,T	2361		twic472.pgn	B23
Velickovic,Z	2384	2003.11.21	A57	TCh-SLO		2003.11.17			54	1/2-1/2	6	Celje SLO		Farago,I	2485		twic472.pgn	A57
Kastelic,M	2300	2003.11.21	E91	TCh-SLO		2003.11.17			85	0-1	6	Celje SLO		Srebrnic,V	2272		twic472.pgn	E91
Virtic,Franc ml	0	2003.11.21	D06	TCh-SLO		2003.11.17			52	1-0	6	Celje SLO		Soln,P	2365		twic472.pgn	D06
Srebrnic,M	2224	2003.11.21	A00	TCh-SLO		2003.11.17			67	1-0	6	Celje SLO		Mestrovic,Z	2397		twic472.pgn	A00
Sveshnikov,E	2557	2003.11.21	B25	TCh-SLO		2003.11.17			20	1/2-1/2	6	Celje SLO		Rogulj,B	2411		twic472.pgn	B25
Borisek,J	2445	2003.11.21	B22	TCh-SLO		2003.11.17			163	1-0	6	Celje SLO		Sermek,D	2568		twic472.pgn	B22
Tratar,M	2452	2003.11.21	A47	TCh-SLO		2003.11.17			109	0-1	6	Celje SLO		Serdt,S	2228		twic472.pgn	A46
Kozul,Z	2597	2003.11.21	B22	TCh-SLO		2003.11.17			81	1/2-1/2	6	Celje SLO		Stevic,H	2555		twic472.pgn	B22
Beliavsky,A	2667	2003.11.21	E13	TCh-SLO		2003.11.17			58	1/2-1/2	6	Celje SLO		Cebalo,M	2486		twic472.pgn	E12
Mazi,L	2422	2003.11.21	B22	TCh-SLO		2003.11.17			116	1-0	6	Celje SLO		Pavasovic,D	2586		twic472.pgn	B22
Ribli,Z	2593	2003.11.21	D18	TCh-SLO		2003.11.17			48	1/2-1/2	7	Celje SLO		Beliavsky,A	2667		twic472.pgn	D19
Pavasovic,D	2586	2003.11.21	D31	TCh-SLO		2003.11.17			24	1/2-1/2	7	Celje SLO		Hulak,K	2557		twic472.pgn	A13
Zupe,M	2367	2003.11.21	B13	TCh-SLO		2003.11.17			116	1-0	7	Celje SLO		Sveshnikov,E	2557		twic472.pgn	B13
Farago,I	2485	2003.11.21	B48	TCh-SLO		2003.11.17			147	0-1	7	Celje SLO		Gruskovnjak,T	2336		twic472.pgn	B42
Cigan,S	2321	2003.11.21	A33	TCh-SLO		2003.11.17			25	1/2-1/2	7	Celje SLO		Tratar,M	2452		twic472.pgn	A33
Zorko,Ju	2305	2003.11.21	B44	TCh-SLO		2003.11.17			85	1/2-1/2	7	Celje SLO		Gjuran,D	2251		twic472.pgn	B44
Cebalo,M	2486	2003.11.21	A38	TCh-SLO		2003.11.17			38	1-0	7	Celje SLO		Nikolic,Pr	2647		twic472.pgn	A49
Mestrovic,Z	2397	2003.11.21	E62	TCh-SLO		2003.11.17			14	1/2-1/2	7	Celje SLO		Velickovic,Z	2384		twic472.pgn	E62
Rogulj,B	2411	2003.11.21	A35	TCh-SLO		2003.11.17			88	1/2-1/2	7	Celje SLO		Dizdar,G	2530		twic472.pgn	A30
Kos,T	2361	2003.11.21	B00	TCh-SLO		2003.11.17			24	1/2-1/2	7	Celje SLO		Stavanja,M	2241		twic472.pgn	B00
Sermek,D	2568	2003.11.21	B06	TCh-SLO		2003.11.17			30	1/2-1/2	7	Celje SLO		Mazi,L	2422		twic472.pgn	B06
Mohr,G	2465	2003.11.21	C11	TCh-SLO		2003.11.17			55	0-1	7	Celje SLO		Pesec,F	2205		twic472.pgn	C11
Vombek,D	2326	2003.11.21	B90	TCh-SLO		2003.11.17			54	1/2-1/2	7	Celje SLO		Justin,M	2379		twic472.pgn	B90
Simic,Draga SLO	2305	2003.11.21	B25	TCh-SLO		2003.11.17			36	1-0	7	Celje SLO		Karer,G	2119		twic472.pgn	B25
Stucl,B	2336	2003.11.21	C10	TCh-SLO		2003.11.17			87	1-0	7	Celje SLO		Sax,G	2520		twic472.pgn	C03
Zaja,I	2427	2003.11.21	E19	TCh-SLO		2003.11.17			62	0-1	7	Celje SLO		Sebenik,M	2430		twic472.pgn	E19
Serdt,S	2228	2003.11.21	E14	TCh-SLO		2003.11.17			62	1-0	7	Celje SLO		Kastelic,M	2300		twic472.pgn	E14
Grosar,A	2451	2003.11.21	B33	TCh-SLO		2003.11.17			59	0-1	7	Celje SLO		Crepan,M	2286		twic472.pgn	B33
Stevic,H	2555	2003.11.21	D26	TCh-SLO		2003.11.17			47	1/2-1/2	7	Celje SLO		Ruck,R	2551		twic472.pgn	D26
Gostisa,L	2420	2003.11.21	E15	TCh-SLO		2003.11.17			108	1/2-1/2	7	Celje SLO		Krumpacnik,D	2364		twic472.pgn	E15
Supancic,D	2377	2003.11.21	B07	TCh-SLO		2003.11.17			94	0-1	7	Celje SLO		Srebrnic,M	2224		twic472.pgn	B07
Praznik,N	2276	2003.11.21	C04	TCh-SLO		2003.11.17			81	1/2-1/2	7	Celje SLO		Mihevc,I	2220		twic472.pgn	C04
Mikhalchishin,A	2522	2003.11.21	C55	TCh-SLO		2003.11.17			32	1/2-1/2	7	Celje SLO		Kosanski,S	2373		twic472.pgn	C55
Pavlovic,Mi	2593	2003.11.21	D47	TCh-SLO		2003.11.17			69	1-0	7	Celje SLO		Kozul,Z	2597		twic472.pgn	D47
Mikac,M	2358	2003.11.21	B01	TCh-SLO		2003.11.17			82	1-0	7	Celje SLO		Borisek,J	2445		twic472.pgn	B01
Srebrnic,V	2272	2003.11.21	E94	TCh-SLO		2003.11.17			115	0-1	7	Celje SLO		Dizdar,S	2351		twic472.pgn	E94
Zorko,Jo	2121	2003.11.21	B22	TCh-SLO		2003.11.17			80	1-0	7	Celje SLO		Jeric,S	2290		twic472.pgn	B22
Cvitan,O	2516	2003.11.21	B99	TCh-SLO		2003.11.17			24	1/2-1/2	7	Celje SLO		Palac,M	2534		twic472.pgn	B99
Djurkovic,M	2157	2003.11.21	C00	TCh-SLO		2003.11.17			44	1-0	7	Celje SLO		Barle,J	2370		twic472.pgn	B00
Sakelsek,T	2339	2003.11.21	B53	TCh-SLO		2003.11.17			109	0-1	7	Celje SLO		Prislan,Tine	0		twic472.pgn	B30
Karer,G	2119	2003.11.22	C06	TCh-SLO		2003.11.17			104	1-0	8	Celje SLO		Sakelsek,T	2339		twic472.pgn	C06
Kozul,Z	2597	2003.11.22	D76	TCh-SLO		2003.11.17			44	1/2-1/2	8	Celje SLO		Cvitan,O	2516		twic472.pgn	E60
Hulak,K	2557	2003.11.22	E61	TCh-SLO		2003.11.17			108	1-0	8	Celje SLO		Sebenik,M	2430		twic472.pgn	A36
Stevic,H	2555	2003.11.22	E67	TCh-SLO		2003.11.17			44	1-0	8	Celje SLO		Ribli,Z	2593		twic472.pgn	E67
Turk,Karli	0	2003.11.22	B13	TCh-SLO		2003.11.17			85	1-0	8	Celje SLO		Mihevc,I	2220		twic472.pgn	B13
Mazi,L	2422	2003.11.22	B22	TCh-SLO		2003.11.17			28	1/2-1/2	8	Celje SLO		Mikac,M	2358		twic472.pgn	B22
Velickovic,Z	2384	2003.11.22	D03	TCh-SLO		2003.11.17			15	1/2-1/2	8	Celje SLO		Supancic,D	2377		twic472.pgn	D03
Krumpacnik,D	2364	2003.11.22	B24	TCh-SLO		2003.11.17			63	0-1	8	Celje SLO		Stucl,B	2336		twic472.pgn	B24
Crepan,M	2286	2003.11.22	C64	TCh-SLO		2003.11.17			64	0-1	8	Celje SLO		Rogulj,B	2411		twic472.pgn	C64
Gjuran,D	2251	2003.11.22	B22	TCh-SLO		2003.11.17			55	0-1	8	Celje SLO		Jeric,S	2290		twic472.pgn	B40
Gostisa,L	2420	2003.11.22	E15	TCh-SLO		2003.11.17			53	0-1	8	Celje SLO		Zupe,M	2367		twic472.pgn	E15
Kosanski,S	2373	2003.11.22	A44	TCh-SLO		2003.11.17			122	1-0	8	Celje SLO		Zaja,I	2427		twic472.pgn	A44
Praznik,N	2276	2003.11.22	C05	TCh-SLO		2003.11.17			87	0-1	8	Celje SLO		Kovac,B	2294		twic472.pgn	C05
Barle,J	2370	2003.11.22	B32	TCh-SLO		2003.11.17			88	1/2-1/2	8	Celje SLO		Srebrnic,V	2272		twic472.pgn	B32
Dizdar,S	2351	2003.11.22	A46	TCh-SLO		2003.11.17			67	1-0	8	Celje SLO		Serdt,S	2228		twic472.pgn	A46
Srebrnic,M	2224	2003.11.22	B07	TCh-SLO		2003.11.17			52	1/2-1/2	8	Celje SLO		Mohr,G	2465		twic472.pgn	A45
Stavanja,M	2241	2003.11.22	B27	TCh-SLO		2003.11.17			86	1-0	8	Celje SLO		Simic,Draga SLO	2305		twic472.pgn	B27
Gruskovnjak,T	2336	2003.11.22	B67	TCh-SLO		2003.11.17			93	0-1	8	Celje SLO		Justin,M	2379		twic472.pgn	B67
Borisek,J	2445	2003.11.22	A33	TCh-SLO		2003.11.17			63	1-0	8	Celje SLO		Mikhalchishin,A	2522		twic472.pgn	A33
Djurkovic,M	2157	2003.11.22	B00	TCh-SLO		2003.11.17			90	1-0	8	Celje SLO		Vombek,D	2326		twic472.pgn	B00
Podvrsnik,M	2207	2003.11.22	B24	TCh-SLO		2003.11.17			67	0-1	8	Celje SLO		Pinter,A	2079		twic472.pgn	B24
Sax,G	2520	2003.11.22	B50	TCh-SLO		2003.11.17			113	0-1	8	Celje SLO		Grosar,A	2451		twic472.pgn	B50
Palac,M	2534	2003.11.22	E12	TCh-SLO		2003.11.17			82	1/2-1/2	8	Celje SLO		Cebalo,M	2486		twic472.pgn	E12
Ruck,R	2551	2003.11.22	B19	TCh-SLO		2003.11.17			61	1/2-1/2	8	Celje SLO		Pavlovic,Mi	2593		twic472.pgn	B19
Nikolic,Pr	2647	2003.11.22	E15	TCh-SLO		2003.11.17			64	1-0	8	Celje SLO		Beliavsky,A	2667		twic472.pgn	E15
Pavasovic,D	2586	2003.11.22	B51	TCh-SLO		2003.11.17			28	1/2-1/2	8	Celje SLO		Sermek,D	2568		twic472.pgn	B30
Dizdar,G	2530	2003.11.22	C02	TCh-SLO		2003.11.17			62	1/2-1/2	8	Celje SLO		Sveshnikov,E	2557		twic472.pgn	C02
Farago,I	2485	2003.11.22	C00	TCh-SLO		2003.11.17			77	0-1	8	Celje SLO		Mestrovic,Z	2397		twic472.pgn	C00
Kastelic,M	2300	2003.11.22	E91	TCh-SLO		2003.11.17			106	1-0	8	Celje SLO		Tratar,M	2452		twic472.pgn	E91
Bratovic,B	2366	2003.11.22	B50	TCh-SLO		2003.11.17			78	1-0	8	Celje SLO		Kos,T	2361		twic472.pgn	B50
